{
  "chain": {
    "structure": {
      "precision": 0.3333333333333333,
      "recall": 1.0,
      "f1": 0.5,
      "auc": 0.7142857142857143,
      "shd": 4,
      "edge_accuracy": 0.5555555555555556
    },
    "counterfactual": {
      "mean_intervention_effect": 0.06370875220745802,
      "std_intervention_effect": 0.03493900100335725,
      "mean_correlation": 0.7514154255390167,
      "std_correlation": 0.34773255840397144,
      "min_effect": 0.027958203107118607,
      "max_effect": 0.12274792790412903
    },
    "prediction": {
      "mse": 0.13213495910167694,
      "mae": 0.2903974652290344
    },
    "config": {
      "name": "chain",
      "type": "chain",
      "n_nodes": 4
    }
  },
  "fork": {
    "structure": {
      "precision": 0.3333333333333333,
      "recall": 1.0,
      "f1": 0.5,
      "auc": 0.7142857142857143,
      "shd": 4,
      "edge_accuracy": 0.5555555555555556
    },
    "counterfactual": {
      "mean_intervention_effect": 0.06341872289776802,
      "std_intervention_effect": 0.03765509709807969,
      "mean_correlation": 0.7605740338563919,
      "std_correlation": 0.3478757632177969,
      "min_effect": 0.025161050260066986,
      "max_effect": 0.12466230988502502
    },
    "prediction": {
      "mse": 0.20342625677585602,
      "mae": 0.3584182858467102
    },
    "config": {
      "name": "fork",
      "type": "fork",
      "n_nodes": 4
    }
  },
  "v_structure": {
    "structure": {
      "precision": 0.3333333333333333,
      "recall": 1.0,
      "f1": 0.5,
      "auc": 0.7142857142857143,
      "shd": 4,
      "edge_accuracy": 0.5555555555555556
    },
    "counterfactual": {
      "mean_intervention_effect": 0.08092102482914924,
      "std_intervention_effect": 0.048395617345854326,
      "mean_correlation": 0.7392733670771122,
      "std_correlation": 0.36732840364742364,
      "min_effect": 0.030644312500953674,
      "max_effect": 0.17115139961242676
    },
    "prediction": {
      "mse": 0.2660444378852844,
      "mae": 0.4019313454627991
    },
    "config": {
      "name": "v_structure",
      "type": "v_structure",
      "n_nodes": 4
    }
  },
  "confounder": {
    "structure": {
      "precision": 0.3333333333333333,
      "recall": 1.0,
      "f1": 0.5,
      "auc": 0.7142857142857143,
      "shd": 4,
      "edge_accuracy": 0.5555555555555556
    },
    "counterfactual": {
      "mean_intervention_effect": 0.06670213360339403,
      "std_intervention_effect": 0.04045124425271418,
      "mean_correlation": 0.7680195361375809,
      "std_correlation": 0.3505470270582946,
      "min_effect": 0.023476118221879005,
      "max_effect": 0.13731816411018372
    },
    "prediction": {
      "mse": 0.3558061420917511,
      "mae": 0.4724220335483551
    },
    "config": {
      "name": "confounder",
      "type": "confounder",
      "n_nodes": 4
    }
  },
  "complex": {
    "structure": {
      "precision": 0.3333333333333333,
      "recall": 1.0,
      "f1": 0.5,
      "auc": 0.7142857142857143,
      "shd": 4,
      "edge_accuracy": 0.5555555555555556
    },
    "counterfactual": {
      "mean_intervention_effect": 0.06670213360339403,
      "std_intervention_effect": 0.04045124425271418,
      "mean_correlation": 0.7680195361375809,
      "std_correlation": 0.3505470270582946,
      "min_effect": 0.023476118221879005,
      "max_effect": 0.13731816411018372
    },
    "prediction": {
      "mse": 0.3558061420917511,
      "mae": 0.4724220335483551
    },
    "config": {
      "name": "complex",
      "type": "complex",
      "n_nodes": 6
    }
  }
}