{
  "chain": {
    "structure": {
      "precision": 0.0,
      "recall": 0.0,
      "f1": 0.0,
      "auc": 0.2857142857142857,
      "shd": 5,
      "edge_accuracy": 0.4444444444444444
    },
    "counterfactual": {
      "mean_intervention_effect": 0.2635769436135888,
      "std_intervention_effect": 0.5006333189306956,
      "mean_correlation": 0.6446226239204407,
      "std_correlation": 0.7053262591362,
      "min_effect": 0.020512210205197334,
      "max_effect": 2.234113931655884
    },
    "prediction": {
      "mse": 0.09462665766477585,
      "mae": 0.24775227904319763
    },
    "config": {
      "name": "chain",
      "type": "chain",
      "n_nodes": 4
    }
  },
  "fork": {
    "structure": {
      "precision": 0.0,
      "recall": 0.0,
      "f1": 0.0,
      "auc": 0.4285714285714286,
      "shd": 3,
      "edge_accuracy": 0.6666666666666666
    },
    "counterfactual": {
      "mean_intervention_effect": 0.26216292232275007,
      "std_intervention_effect": 0.49893334533255135,
      "mean_correlation": 0.7051821351051331,
      "std_correlation": 0.5837534070014954,
      "min_effect": 0.020512210205197334,
      "max_effect": 2.2278125286102295
    },
    "prediction": {
      "mse": 0.14242851734161377,
      "mae": 0.30105897784233093
    },
    "config": {
      "name": "fork",
      "type": "fork",
      "n_nodes": 4
    }
  },
  "v_structure": {
    "structure": {
      "precision": 0.0,
      "recall": 0.0,
      "f1": 0.0,
      "auc": 0.4285714285714286,
      "shd": 3,
      "edge_accuracy": 0.6666666666666666
    },
    "counterfactual": {
      "mean_intervention_effect": 0.27168858693912623,
      "std_intervention_effect": 0.5050474595495416,
      "mean_correlation": 0.7784940004348755,
      "std_correlation": 0.4338122606277466,
      "min_effect": 0.020512210205197334,
      "max_effect": 2.2468488216400146
    },
    "prediction": {
      "mse": 0.1224658340215683,
      "mae": 0.28119611740112305
    },
    "config": {
      "name": "v_structure",
      "type": "v_structure",
      "n_nodes": 4
    }
  },
  "confounder": {
    "structure": {
      "precision": 0.0,
      "recall": 0.0,
      "f1": 0.0,
      "auc": 0.4285714285714286,
      "shd": 3,
      "edge_accuracy": 0.6666666666666666
    },
    "counterfactual": {
      "mean_intervention_effect": 0.26453882921487093,
      "std_intervention_effect": 0.4991570522158557,
      "mean_correlation": 0.6757625341415405,
      "std_correlation": 0.644076406955719,
      "min_effect": 0.020512210205197334,
      "max_effect": 2.2287979125976562
    },
    "prediction": {
      "mse": 0.22994689643383026,
      "mae": 0.38318994641304016
    },
    "config": {
      "name": "confounder",
      "type": "confounder",
      "n_nodes": 4
    }
  },
  "complex": {
    "structure": {
      "precision": 0.0,
      "recall": 0.0,
      "f1": 0.0,
      "auc": 0.4285714285714286,
      "shd": 3,
      "edge_accuracy": 0.6666666666666666
    },
    "counterfactual": {
      "mean_intervention_effect": 0.26453882921487093,
      "std_intervention_effect": 0.4991570522158557,
      "mean_correlation": 0.6757625341415405,
      "std_correlation": 0.644076406955719,
      "min_effect": 0.020512210205197334,
      "max_effect": 2.2287979125976562
    },
    "prediction": {
      "mse": 0.22994689643383026,
      "mae": 0.38318994641304016
    },
    "config": {
      "name": "complex",
      "type": "complex",
      "n_nodes": 6
    }
  }
}