{
  "multiple_interventions": {
    "1_interventions": {
      "mean_effect": 0.05466721709817648,
      "std_effect": 0.0016894112362131617,
      "effects": [
        0.05489451065659523,
        0.05396279692649841,
        0.058026742190122604,
        0.05299169942736626,
        0.05054902657866478,
        0.055412765592336655,
        0.052927687764167786,
        0.05709833651781082,
        0.05409727618098259,
        0.054455243051052094,
        0.055268242955207825,
        0.056642502546310425,
        0.056006819009780884,
        0.0561448335647583,
        0.05414325371384621,
        0.0543975830078125,
        0.05242733284831047,
        0.055344901978969574,
        0.05506671965122223,
        0.053486067801713943
      ]
    },
    "2_interventions": {
      "mean_effect": 0.07067150175571442,
      "std_effect": 0.0021557454629665663,
      "effects": [
        0.06962835788726807,
        0.06631779670715332,
        0.07069731503725052,
        0.07147491723299026,
        0.07429776340723038,
        0.06862156838178635,
        0.07004749029874802,
        0.06735800206661224,
        0.07156512886285782,
        0.07231374830007553,
        0.07109598070383072,
        0.0710742175579071,
        0.0694531798362732,
        0.07127480953931808,
        0.06974966078996658,
        0.06907988339662552,
        0.07155036181211472,
        0.06943541765213013,
        0.07228617370128632,
        0.07610826194286346
      ]
    },
    "3_interventions": {
      "mean_effect": 0.08002122081816196,
      "std_effect": 0.0023832958899160563,
      "effects": [
        0.08001738041639328,
        0.07905087620019913,
        0.07746116071939468,
        0.07690387964248657,
        0.08704907447099686,
        0.07699102908372879,
        0.07863515615463257,
        0.08022519946098328,
        0.07862279564142227,
        0.08248155564069748,
        0.08132324367761612,
        0.07791006565093994,
        0.07779093831777573,
        0.07977478206157684,
        0.08006379008293152,
        0.08286154270172119,
        0.08290605992078781,
        0.07972323149442673,
        0.08028010278940201,
        0.0803525522351265
      ]
    },
    "4_interventions": {
      "mean_effect": 0.0857208739966154,
      "std_effect": 0.0016588872509053375,
      "effects": [
        0.08780539035797119,
        0.08500392735004425,
        0.08879876136779785,
        0.08713237196207047,
        0.08573556691408157,
        0.08730486780405045,
        0.0867876186966896,
        0.08473315834999084,
        0.08614557236433029,
        0.08535107225179672,
        0.08635586500167847,
        0.08687762171030045,
        0.08639758825302124,
        0.08461060374975204,
        0.08261962980031967,
        0.08383432030677795,
        0.08275045454502106,
        0.08635947853326797,
        0.08308912068605423,
        0.08672448992729187
      ]
    }
  },
  "intervention_scheduling": {
    "prob_0.1": {
      "mean_effect": 0.0030613973271101714,
      "std_effect": 0.0003471456577659673,
      "effects": [
        0.0025195935741066933,
        0.00353278242982924,
        0.002708599204197526,
        0.003216809593141079,
        0.0028701305855065584,
        0.0029564835131168365,
        0.0031318666879087687,
        0.0033839289098978043,
        0.0035767301451414824,
        0.002717048628255725
      ]
    },
    "prob_0.3": {
      "mean_effect": 0.006185812642797828,
      "std_effect": 0.0008212691041003812,
      "effects": [
        0.0068679009564220905,
        0.006626256741583347,
        0.004722577054053545,
        0.00670453067868948,
        0.006687276065349579,
        0.006853816565126181,
        0.005516925826668739,
        0.004845932126045227,
        0.00600830465555191,
        0.007024605758488178
      ]
    },
    "prob_0.5": {
      "mean_effect": 0.008765571936964988,
      "std_effect": 0.0008097069704200953,
      "effects": [
        0.007598472759127617,
        0.00807365495711565,
        0.009392059408128262,
        0.008465388789772987,
        0.00795587245374918,
        0.009451784193515778,
        0.00840226374566555,
        0.010223899967968464,
        0.00845874659717083,
        0.00963357649743557
      ]
    },
    "prob_0.7": {
      "mean_effect": 0.012345543690025806,
      "std_effect": 0.0015281277576120558,
      "effects": [
        0.011839456856250763,
        0.014097871258854866,
        0.011443283408880234,
        0.011717739515006542,
        0.015002256259322166,
        0.009717389941215515,
        0.01252862811088562,
        0.012872408144176006,
        0.010628744028508663,
        0.013607659377157688
      ]
    },
    "prob_0.9": {
      "mean_effect": 0.014628468453884125,
      "std_effect": 0.0011174873874898478,
      "effects": [
        0.013316716998815536,
        0.016133667901158333,
        0.013172808103263378,
        0.016372576355934143,
        0.013014609925448895,
        0.01430477760732174,
        0.014942269772291183,
        0.01475621946156025,
        0.01516940351575613,
        0.01510163489729166
      ]
    }
  },
  "ood_interventions": {
    "magnitude_0.5": {
      "mean_effect": 0.0017326667089946567,
      "std_effect": 0.0002569303719273925,
      "effects": [
        0.0017129341140389442,
        0.0017133720684796572,
        0.0015406685415655375,
        0.001956489635631442,
        0.002004086272791028,
        0.0018488672794774175,
        0.001997737679630518,
        0.0011044571874663234,
        0.0016235775547102094,
        0.0018244767561554909
      ]
    },
    "magnitude_1.0": {
      "mean_effect": 0.0015809968928806484,
      "std_effect": 0.0003539781106814651,
      "effects": [
        0.0012855660170316696,
        0.0016895621083676815,
        0.001836864510551095,
        0.000983252888545394,
        0.001187646179459989,
        0.001633872278034687,
        0.001937552005983889,
        0.0018360501853749156,
        0.0012924959883093834,
        0.0021271067671477795
      ]
    },
    "magnitude_2.0": {
      "mean_effect": 0.0016136373043991626,
      "std_effect": 0.00020717629491421314,
      "effects": [
        0.0018908476922661066,
        0.0017330942209810019,
        0.001356825465336442,
        0.0012913346290588379,
        0.0016552016604691744,
        0.0016365061746910214,
        0.0019104797393083572,
        0.001372437342070043,
        0.0017391224391758442,
        0.0015505236806347966
      ]
    },
    "magnitude_5.0": {
      "mean_effect": 0.022776054427959026,
      "std_effect": 0.05915794459193522,
      "effects": [
        0.0019759421702474356,
        0.001896928995847702,
        0.0018016076646745205,
        0.0017988579347729683,
        0.2000119388103485,
        0.012161008082330227,
        0.001989947399124503,
        0.0012760560493916273,
        0.0026685427874326706,
        0.002179714385420084
      ]
    },
    "magnitude_10.0": {
      "mean_effect": 0.020750161085743457,
      "std_effect": 0.025223480739162977,
      "effects": [
        0.0019202374387532473,
        0.0013876549201086164,
        0.0330832377076149,
        0.002243480645120144,
        0.0019628412555903196,
        0.005828332155942917,
        0.054956018924713135,
        0.001996593549847603,
        0.028823809698224068,
        0.07529940456151962
      ]
    }
  },
  "gradient_flow_analysis": {
    "num_checkpoints": 10,
    "gradient_patterns": {
      "mean_gradient_norms": [
        0.010733883827924728,
        0.0,
        0.0,
        0.0,
        0.0,
        0.0,
        0.0,
        0.0,
        0.0,
        0.0
      ],
      "std_gradient_norms": [
        0.0035596031229943037,
        0.0,
        0.0,
        0.0,
        0.0,
        0.0,
        0.0,
        0.0,
        0.0,
        0.0
      ],
      "gradient_stability": 0.0032201651483774185
    },
    "blocking_effectiveness": {
      "intervention_checkpoints": 10,