{
  "multiple_interventions": {
    "1_interventions": {
      "mean_effect": 0.012843841454014182,
      "std_effect": 0.00035422309008994204,
      "effects": [
        0.012692993506789207,
        0.012948812916874886,
        0.013131305575370789,
        0.012159362435340881,
        0.012697093188762665,
        0.013376081362366676,
        0.013076966628432274,
        0.013369630090892315,
        0.012873012572526932,
        0.013076776638627052,
        0.012836074456572533,
        0.013026162050664425,
        0.013209677301347256,
        0.012861176393926144,
        0.013106637634336948,
        0.012589766643941402,
        0.012879019603133202,
        0.01246882975101471,
        0.012451927177608013,
        0.012045523151755333
      ]
    },
    "2_interventions": {
      "mean_effect": 0.01608266569674015,
      "std_effect": 0.0005406642284672405,
      "effects": [
        0.015864482149481773,
        0.015382084995508194,
        0.016299113631248474,
        0.01565902680158615,
        0.01704351231455803,
        0.016419485211372375,
        0.015329030342400074,
        0.015684889629483223,
        0.016865966841578484,
        0.01653752475976944,
        0.01585065945982933,
        0.01642613112926483,
        0.015167402103543282,
        0.016888150945305824,
        0.015929607674479485,
        0.016088657081127167,
        0.015411852858960629,
        0.015850631520152092,
        0.01645725965499878,
        0.016497844830155373
      ]
    },
    "3_interventions": {
      "mean_effect": 0.01811684211716056,
      "std_effect": 0.0004493323259705378,
      "effects": [
        0.018255215138196945,
        0.017367076128721237,
        0.017674174159765244,
        0.018951602280139923,
        0.018538180738687515,
        0.018250899389386177,
        0.017613068222999573,
        0.01840495690703392,
        0.018144752830266953,
        0.018161838874220848,
        0.018609726801514626,
        0.01788780651986599,
        0.017933934926986694,
        0.017217304557561874,
        0.017919830977916718,
        0.01827121712267399,
        0.018608825281262398,
        0.01834513433277607,
        0.018606700003147125,
        0.017574597150087357
      ]
    },
    "4_interventions": {
      "mean_effect": 0.019237750209867954,
      "std_effect": 0.0005808102994547886,
      "effects": [
        0.019806601107120514,
        0.019461696967482567,
        0.018997594714164734,
        0.019425686448812485,
        0.02008027583360672,
        0.019883789122104645,
        0.018529586493968964,
        0.019284171983599663,
        0.020070768892765045,
        0.019481178373098373,
        0.01884864643216133,
        0.019274212419986725,
        0.019923774525523186,
        0.0188759658485651,
        0.018680142238736153,
        0.01897885464131832,
        0.017899872735142708,
        0.01955096796154976,
        0.01938728801906109,
        0.018313929438591003
      ]
    }
  },
  "intervention_scheduling": {
    "prob_0.1": {
      "mean_effect": 0.0041465782560408115,
      "std_effect": 0.0003078112522091473,
      "effects": [
        0.004313025623559952,
        0.004658385179936886,
        0.003734434023499489,
        0.004192174877971411,
        0.0039278375916182995,
        0.0038785056676715612,
        0.003904155222699046,
        0.0043985359370708466,
        0.0038900887593626976,
        0.004568639677017927
      ]
    },
    "prob_0.3": {
      "mean_effect": 0.006776174902915955,
      "std_effect": 0.00035558478042736584,
      "effects": [
        0.007041606120765209,
        0.006681845057755709,
        0.006141541060060263,
        0.007164281792938709,
        0.007460146211087704,
        0.006886083632707596,
        0.006511126644909382,
        0.006533398758620024,
        0.006656781304627657,
        0.006684938445687294
      ]
    },
    "prob_0.5": {
      "mean_effect": 0.009574832394719124,
      "std_effect": 0.0003565520206651642,
      "effects": [
        0.010140894912183285,
        0.009340589866042137,
        0.00878208503127098,
        0.009570935741066933,
        0.009819425642490387,
        0.009309783577919006,
        0.009495247155427933,
        0.009760133922100067,
        0.009875861927866936,
        0.009653366170823574
      ]
    },
    "prob_0.7": {
      "mean_effect": 0.01250959923490882,
      "std_effect": 0.0005170526172926384,
      "effects": [
        0.013613895513117313,
        0.012007889337837696,
        0.012179281562566757,
        0.01266384869813919,
        0.012317308224737644,
        0.012451115064322948,
        0.01274711824953556,
        0.013152919709682465,
        0.011965618468821049,
        0.011996997520327568
      ]
    },
    "prob_0.9": {
      "mean_effect": 0.015249719470739364,
      "std_effect": 0.00034891220110024924,
      "effects": [
        0.015735536813735962,
        0.015153908170759678,
        0.014611274935305119,
        0.01531959604471922,
        0.015389305539429188,
        0.014894050545990467,
        0.014983299188315868,
        0.015494350343942642,
        0.015771135687828064,
        0.01514473743736744
      ]
    }
  },
  "ood_interventions": {
    "magnitude_0.5": {
      "mean_effect": 0.008172215800732375,
      "std_effect": 0.0010503079334768057,
      "effects": [
        0.009275773540139198,
        0.006450291723012924,
        0.008952615782618523,
        0.006457667797803879,
        0.007226352579891682,
        0.009260381571948528,
        0.008594217710196972,
        0.00908124353736639,
        0.007885009981691837,
        0.008538603782653809
      ]
    },
    "magnitude_1.0": {
      "mean_effect": 0.013565882481634617,
      "std_effect": 0.008030953592928889,
      "effects": [
        0.012276997789740562,
        0.009563207626342773,
        0.021129902452230453,
        0.018813956528902054,
        0.009756905026733875,
        0.008411440066993237,
        0.03326016291975975,
        0.008091971278190613,
        0.008173591457307339,
        0.006180689670145512
      ]
    },
    "magnitude_2.0": {
      "mean_effect": 0.012411099718883633,
      "std_effect": 0.005779793405167934,
      "effects": [
        0.019068602472543716,
        0.007192816119641066,
        0.02687247470021248,
        0.013480987399816513,
        0.008857602253556252,
        0.008518051356077194,
        0.01055525429546833,
        0.008957217447459698,
        0.010616129264235497,
        0.009991861879825592
      ]
    },
    "magnitude_5.0": {
      "mean_effect": 0.02835804633796215,
      "std_effect": 0.018201205403667733,
      "effects": [
        0.019935211166739464,
        0.0378706119954586,
        0.029444748535752296,
        0.029198788106441498,
        0.0601164773106575,
        0.007966345176100731,
        0.02419956400990486,
        0.058297645300626755,
        0.006724483333528042,
        0.009826588444411755
      ]
    },
    "magnitude_10.0": {
      "mean_effect": 0.04442717172205448,
      "std_effect": 0.019192509150923298,
      "effects": [
        0.033618297427892685,
        0.03181656077504158,
        0.06493186950683594,
        0.0518626794219017,
        0.055212847888469696,
        0.006739901378750801,
        0.06251564621925354,
        0.0451333224773407,
        0.023186059668660164,
        0.06925453245639801
      ]
    }
  },
  "gradient_flow_analysis": {
    "num_checkpoints": 10,
    "gradient_patterns": {
      "mean_gradient_norms": [
        0.02707216702401638,
        0.09722087532281876,
        0.022630872204899788,
        0.025105832144618034,
        0.021737923845648766,
        0.02137710712850094,
        0.019999803975224495,
        0.05579115077853203,
        0.06855189800262451,
        0.023355672135949135
      ],