{
  "training_history": {
    "epoch": [
      0,
      1,
      2,
      3,
      4,
      5,
      6,
      7,
      8,
      9
    ],
    "prediction_loss": [
      0.1761741922236979,
      0.1750944966915995,
      0.17416219948790967,
      0.17497705575078726,
      0.1789800589904189,
      0.1751707827206701,
      0.1767355150077492,
      0.17519871331751347,
      0.17682022764347494,
      0.1764892521314323
    ],
    "counterfactual_loss": [
      0.018876397049162108,
      0.017004009838430534,
      0.01799002889310941,
      0.016428403643658385,
      0.01613610569620505,
      0.01753439797903411,
      0.0161209667858202,
      0.024246632383437827,
      0.02215721074026078,
      0.026463055721251294
    ],
    "traditional_cf_loss": [],
    "cf_structure_loss": [],
    "cf_consistency_loss": [],
    "structure_loss": [
      0.9989423807710409,
      0.8436712780967355,
      0.8417039951309562,
      0.651194510050118,
      0.7407448571175337,
      0.6165615497156978,
      0.6413839925080538,
      0.582928859628737,
      0.5543868616223335,
      0.4670522306114435
    ],
    "causal_violation_penalty": [
      1.824633638347617e-07,
      1.9532619743856117e-08,
      3.009924398611474e-08,
      0.0,
      0.0,
      0.0,
      0.0,
      0.0,
      0.0,
      0.0
    ],
    "total_loss": [
      0.2949450109153986,
      0.2764656567014754,
      0.27632266096770763,
      0.2565249097533524,
      0.2691906541585922,
      0.25436133705079556,
      0.25699488120153546,
      0.25773822935298085,
      0.25441612489521503,
      0.24965753220021725
    ],
    "intervention_rate": [
      0.13671875,
      0.13671875,
      0.13671875,
      0.13671875,
      0.13671875,
      0.13671875,
      0.13671875,
      0.13671875,
      0.13671875,
      0.13671875
    ],
    "gradient_norms": [
      0.08623971234251077,
      0.06835044243107746,
      0.06942589303938011,
      0.0560290525946016,
      0.06517824386217272,
      0.056111896069739736,
      0.05892554859145116,
      0.054338519013614146,
      0.05378464807353012,
      0.04660962719716592
    ],
    "structure_accuracy": [
      0.0,
      0.0,
      0.0,
      0.0,
      0.0,
      0.0,
      0.0,
      0.0,
      0.0,
      0.0
    ],
    "counterfactual_accuracy": [
      0.00043006546911783516,
      0.0008760818309383467,
      0.0,
      9.129591489909217e-05,
      0.00010460463090566918,
      1.5437210095115006e-05,
      5.11712278239429e-06,
      8.709670510143042e-06,
      8.041736873565242e-05,
      0.00021634659060509875
    ]
  },
  "ablation_config": {
    "enable_interventions": true,
    "enable_gradient_blocking": true,
    "enable_dynamic_rewiring": true,
    "enable_structure_learning": true,
    "enable_gradient_surgery": true
  },
  "final_metrics": {
    "train_loss": 0.24965753220021725,
    "test_loss": 0.17661779304035008,
    "structure_accuracy": 0.0,
    "counterfactual_accuracy": 0.00021634659060509875
  }
}