{
  "training_history": {
    "epoch": [
      0,
      1,
      2,
      3,
      4,
      5,
      6,
      7,
      8,
      9
    ],
    "prediction_loss": [
      0.16649243189021945,
      0.14086129842326045,
      0.12021346879191697,
      0.11862895986996591,
      0.11735905986279249,
      0.11701417551375926,
      0.11192841781303287,
      0.11365718650631607,
      0.11206519277766347,
      0.11824885685928166
    ],
    "counterfactual_loss": [
      0.0,
      0.0,
      0.0,
      0.0,
      0.0,
      0.0,
      0.0,
      0.0,
      0.0,
      0.0
    ],
    "structure_loss": [
      1.1194224935024977,
      0.9851730884984136,
      0.8169636083766818,
      0.7392903584986925,
      0.6776397181674838,
      0.585926472209394,
      0.523509266320616,
      0.47516798228025436,
      0.5047017885372043,
      0.42239187750965357
    ],
    "total_loss": [
      0.27843468403443694,
      0.2393786092288792,
      0.20190982893109322,
      0.19255799846723676,
      0.18512303289026022,
      0.17560682306066155,
      0.16427934588864446,
      0.16117398347705603,
      0.16253537312150002,
      0.1604880455415696
    ],
    "intervention_rate": [
      0.13671875,
      0.13671875,
      0.13671875,
      0.13671875,
      0.13671875,
      0.13671875,
      0.13671875,
      0.13671875,
      0.13671875,
      0.13671875
    ],
    "gradient_norms": [
      0.19011433434896677,
      0.2063173971707852,
      0.17731864766542155,
      0.19091200090118474,
      0.2030142108542764,
      0.18362645150495152,
      0.153309512415274,
      0.15615302533320707,
      0.18372625152780792,
      0.20348939850884223
    ],
    "structure_accuracy": [
      0.0,
      0.0,
      0.0,
      0.0,
      0.0,
      0.0,
      0.0,
      0.0,
      0.0,
      0.0
    ],
    "counterfactual_accuracy": [
      0.04236485999717843,
      0.111784772365354,
      0.2092135213315487,
      0.17438274389132857,
      0.2339073586044833,
      0.15380636707413942,
      0.19574550888501108,
      0.22675222996622324,
      0.23151138401590288,
      0.18373776867520064
    ]
  },
  "ablation_config": {
    "enable_interventions": true,
    "enable_gradient_blocking": true,
    "enable_dynamic_rewiring": true,
    "enable_structure_learning": true,
    "enable_gradient_surgery": true
  },
  "final_metrics": {
    "train_loss": 0.1604880455415696,
    "test_loss": 0.11914386786520481,
    "structure_accuracy": 0.0,
    "counterfactual_accuracy": 0.18373776867520064
  }
}