{
  "chain": {
    "structure": {
      "precision": 1.0,
      "recall": 1.0,
      "f1": 1.0,
      "auc": 1.0,
      "shd": 0,
      "edge_accuracy": 1.0
    },
    "counterfactual": {
      "mean_intervention_effect": 0.06848992723971606,
      "std_intervention_effect": 0.05640426536193195,
      "mean_correlation": 0.7610066056251525,
      "std_correlation": 0.32641188110009184,
      "min_effect": 0.02005397342145443,
      "max_effect": 0.21960903704166412
    },
    "prediction": {
      "mse": 0.13215990364551544,
      "mae": 0.29032695293426514
    },
    "config": {
      "name": "chain",
      "type": "chain",
      "n_nodes": 4
    }
  },
  "fork": {
    "structure": {
      "precision": 0.5,
      "recall": 0.5,
      "f1": 0.5,
      "auc": 0.6785714285714286,
      "shd": 2,
      "edge_accuracy": 0.7777777777777778
    },
    "counterfactual": {
      "mean_intervention_effect": 0.06784227620810271,
      "std_intervention_effect": 0.05803438976570518,
      "mean_correlation": 0.7780866503715516,
      "std_correlation": 0.313707106389036,
      "min_effect": 0.015374213457107544,
      "max_effect": 0.21911633014678955
    },
    "prediction": {
      "mse": 0.2041366845369339,
      "mae": 0.3591423034667969
    },
    "config": {
      "name": "fork",
      "type": "fork",
      "n_nodes": 4
    }
  },
  "v_structure": {
    "structure": {
      "precision": 0.5,
      "recall": 0.5,
      "f1": 0.5,
      "auc": 0.6785714285714286,
      "shd": 2,
      "edge_accuracy": 0.7777777777777778
    },
    "counterfactual": {
      "mean_intervention_effect": 0.07842400250956416,
      "std_intervention_effect": 0.05768026324234339,
      "mean_correlation": 0.767041543009691,
      "std_correlation": 0.32163747967541784,
      "min_effect": 0.024527452886104584,
      "max_effect": 0.20722351968288422
    },
    "prediction": {
      "mse": 0.26827144622802734,
      "mae": 0.40416279435157776
    },
    "config": {
      "name": "v_structure",
      "type": "v_structure",
      "n_nodes": 4
    }
  },
  "confounder": {
    "structure": {
      "precision": 0.5,
      "recall": 0.5,
      "f1": 0.5,
      "auc": 0.6785714285714286,
      "shd": 2,
      "edge_accuracy": 0.7777777777777778
    },
    "counterfactual": {
      "mean_intervention_effect": 0.07001053933054209,
      "std_intervention_effect": 0.05950498536106652,
      "mean_correlation": 0.7808044850826263,
      "std_correlation": 0.31945437315451536,
      "min_effect": 0.017596732825040817,
      "max_effect": 0.2206147164106369
    },
    "prediction": {
      "mse": 0.357803076505661,
      "mae": 0.4740601181983948
    },
    "config": {
      "name": "confounder",
      "type": "confounder",
      "n_nodes": 4
    }
  },
  "complex": {
    "structure": {
      "precision": 0.5,
      "recall": 0.5,
      "f1": 0.5,
      "auc": 0.6785714285714286,
      "shd": 2,
      "edge_accuracy": 0.7777777777777778
    },
    "counterfactual": {
      "mean_intervention_effect": 0.07001053933054209,
      "std_intervention_effect": 0.05950498536106652,
      "mean_correlation": 0.7808044850826263,
      "std_correlation": 0.31945437315451536,
      "min_effect": 0.017596732825040817,
      "max_effect": 0.2206147164106369
    },
    "prediction": {
      "mse": 0.357803076505661,
      "mae": 0.4740601181983948
    },
    "config": {
      "name": "complex",
      "type": "complex",
      "n_nodes": 6
    }
  }
}