{
  "training_history": {
    "epoch": [
      0,
      1,
      2,
      3,
      4,
      5,
      6,
      7,
      8,
      9,
      10,
      11,
      12,
      13,
      14,
      15,
      16,
      17,
      18,
      19,
      20
    ],
    "prediction_loss": [
      1.4196164589375257,
      1.4083886351436377,
      1.395770575851202,
      1.4139385409653187,
      1.4399311784654856,
      1.4058377351611853,
      1.4037725888192654,
      1.4070672001689672,
      1.4267697054892778,
      1.420102620497346,
      1.4190099276602268,
      1.4084739722311497,
      1.4347433354705572,
      1.4320899527519941,
      1.4378186576068401,
      1.397382453083992,
      1.4169009905308485,
      1.407395739108324,
      1.3959110220894217,
      1.4171421863138676,
      1.3949216874316335
    ],
    "counterfactual_loss": [
      0.024828161345794797,
      0.020887266291538253,
      0.018028730060905218,
      0.01642934521078132,
      0.016236132418271154,
      0.018037477129837498,
      0.016122602944960818,
      0.024662285490194336,
      0.022435227932874113,
      0.026463055721251294,
      0.01632561587030068,
      0.02134415745967999,
      0.017480581562267616,
      0.01991082780295983,
      0.022831869107903913,
      0.030429719015955925,
      0.020689664204837754,
      0.023829997575376183,
      0.01810293531161733,
      0.01613949242164381,
      0.021456244576256722
    ],
    "traditional_cf_loss": [],
    "cf_structure_loss": [],
    "cf_consistency_loss": [],
    "structure_loss": [
      1.6223222948610783,
      1.4698412586003542,
      1.47259221971035,
      1.3158026430755854,
      1.4234553594142199,
      1.3110234923660755,
      1.3117489740252495,
      1.275453232228756,
      1.2284132335335016,
      1.1785046644508839,
      1.1666458882391453,
      1.1312923599034548,
      1.1712607201188803,
      1.127129090949893,
      1.0865122731775045,
      1.0920304358005524,
      1.039303544908762,
      1.1001267861574888,
      1.0706069990992546,
      1.0368495173752308,
      1.066047428175807
    ],
    "causal_violation_penalty": [
      0.00014467010623775423,
      0.0,
      0.0,
      0.0,
      0.0,
      0.0,
      0.0,
      0.0,
      0.0,
      0.0,
      0.0,
      0.0,
      0.0,
      0.0,
      0.0,
      0.0,
      0.0,
      0.0,
      0.0,
      0.0,
      0.0
    ],
    "total_loss": [
      1.606821533292532,
      1.5762600302696228,
      1.561058523133397,
      1.561948150396347,
      1.5985128283500671,
      1.5549775622785091,
      1.5510700941085815,
      1.55927480943501,
      1.572046261280775,
      1.5644161384552717,
      1.5520001277327538,
      1.5429473593831062,
      1.56934997998178,
      1.5647136978805065,
      1.5693017579615116,
      1.537015214562416,
      1.54152100533247,
      1.5412384308874607,
      1.5210746582597494,
      1.5369666256010532,
      1.5229826737195253
    ],
    "intervention_rate": [
      0.13671875,
      0.13671875,
      0.13671875,
      0.13671875,
      0.13671875,
      0.13671875,
      0.13671875,
      0.13671875,
      0.13671875,
      0.13671875,
      0.13671875,
      0.13671875,
      0.13671875,
      0.13671875,
      0.13671875,
      0.13671875,
      0.13671875,
      0.13671875,
      0.13671875,
      0.13671875,
      0.13671875
    ],
    "gradient_norms": [
      0.08709700285391736,
      0.07706608740120367,
      0.07111390779464172,
      0.06699650755870518,
      0.07361093376812237,
      0.06949872791727581,
      0.07062093375651807,
      0.06508152008587767,
      0.06631700022856177,
      0.058822642496734766,
      0.06022368414936491,
      0.05743413081430348,
      0.05930274554223128,
      0.06057296667787096,
      0.05280828114734709,
      0.06017529935855022,
      0.053475307951734934,
      0.059016414523964604,
      0.05183153125922445,
      0.05555253026353626,
      0.053221309118749456
    ],
    "structure_accuracy": [
      1.0,
      1.0,
      1.0,
      1.0,
      1.0,
      1.0,
      1.0,
      1.0,
      1.0,
      1.0,
      1.0,
      1.0,
      1.0,
      1.0,
      1.0,
      1.0,
      1.0,
      1.0,
      1.0,
      1.0,
      1.0
    ],
    "counterfactual_accuracy": [
      0.0,
      0.0,
      0.0,
      0.0,
      0.0,
      0.0,
      0.0,
      0.0,
      0.0,
      0.0,
      0.0,
      0.0,
      0.0,
      0.0,
      0.0,
      0.0,
      0.0,
      0.0,
      0.0,
      0.0,
      0.0
    ]
  },
  "ablation_config": {
    "enable_interventions": true,
    "enable_gradient_blocking": true,
    "enable_dynamic_rewiring": true,
    "enable_structure_learning": true,
    "enable_gradient_surgery": true
  },
  "final_metrics": {
    "train_loss": 1.5229826737195253,
    "test_loss": 1.4333967044949532,
    "structure_accuracy": 1.0,
    "counterfactual_accuracy": 0.0
  }
}