{
  "training_history": {
    "epoch": [
      0,
      1,
      2,
      3,
      4,
      5,
      6,
      7,
      8,
      9,
      10,
      11,
      12,
      13,
      14,
      15,
      16,
      17,
      18,
      19,
      20,
      21,
      22,
      23,
      24,
      25,
      26,
      27,
      28,
      29
    ],
    "prediction_loss": [
      1.4148131050169468,
      1.3567368499934673,
      1.293454710394144,
      1.2015951704233885,
      1.152167946100235,
      1.1627457439899445,
      1.103355759754777,
      1.1077391039580107,
      1.1068734172731638,
      1.1373077351599932,
      1.1039345171302557,
      1.1183425355702639,
      1.077543776948005,
      1.1171632055193186,
      1.0888193072751164,
      1.1479744967073202,
      1.1493900567293167,
      1.0964900609105825,
      1.101908991113305,
      1.1184038519859314,
      1.1551355309784412,
      1.104470383375883,
      1.1052884384989738,
      1.111446363851428,
      1.1038716211915016,
      1.0918428227305412,
      1.084457015618682,
      1.1215870473533869,
      1.1297116968780756,
      1.1368341911584139
    ],
    "counterfactual_loss": [
      0.0,
      0.0,
      0.0,
      0.0,
      0.0,
      0.0,
      0.0,
      0.0,
      0.0,
      0.0,
      0.0,
      0.0,
      0.0,
      0.0,
      0.0,
      0.0,
      0.0,
      0.0,
      0.0,
      0.0,
      0.0,
      0.0,
      0.0,
      0.0,
      0.0,
      0.0,
      0.0,
      0.0,
      0.0,
      0.0
    ],
    "structure_loss": [
      1.8204545117914677,
      1.7163774352520704,
      1.529091639444232,
      1.4628551062196493,
      1.421073803678155,
      1.3176158051937819,
      1.2941626701503992,
      1.1938852462917566,
      1.2705791685730219,
      1.1931637525558472,
      1.1892108488827944,
      1.1526566855609417,
      1.1332873180508614,
      1.125859346240759,
      1.174944393336773,
      1.0713569968938828,
      1.2031484358012676,
      1.1251297239214182,
      1.0425950065255165,
      1.0683979094028473,
      1.0319883059710264,
      1.0832831840962172,
      1.115506125614047,
      1.080220341682434,
      1.087899874895811,
      1.0694523248821497,
      1.0150905326008797,
      1.0356506910175085,
      1.0023173112422228,
      1.0245008952915668
    ],
    "total_loss": [
      1.5968585424125195,
      1.528374606743455,
      1.4463638793677092,
      1.3478806857019663,
      1.2942753229290247,
      1.2945073246955872,
      1.2327720206230879,
      1.227127630263567,
      1.233931340277195,
      1.2566241007298231,
      1.2228556033223867,
      1.233608204871416,
      1.1908725034445524,
      1.2297491356730461,
      1.2063137367367744,
      1.255110189318657,
      1.2697049006819725,
      1.2090030275285244,
      1.206168495118618,
      1.2252436559647322,
      1.2583343535661697,
      1.2127986960113049,
      1.2168390601873398,
      1.2194683980196714,
      1.212661612778902,
      1.1987880561500788,
      1.1859660698100924,
      1.2251521162688732,
      1.2299434337764978,
      1.2392842769622803
    ],
    "intervention_rate": [
      0.13671875,
      0.13671875,
      0.13671875,
      0.13671875,
      0.13671875,
      0.13671875,
      0.13671875,
      0.13671875,
      0.13671875,
      0.13671875,
      0.13671875,
      0.13671875,
      0.13671875,
      0.13671875,
      0.13671875,
      0.13671875,
      0.13671875,
      0.13671875,
      0.13671875,
      0.13671875,
      0.13671875,
      0.13671875,
      0.13671875,
      0.13671875,
      0.13671875,
      0.13671875,
      0.13671875,
      0.13671875,
      0.13671875,
      0.13671875
    ],
    "gradient_norms": [
      0.4338356481830644,
      0.47603430266356295,
      0.6161444212439455,
      0.6524023086247879,
      0.7183407691073974,
      0.6434971935793944,
      0.6722134525217695,
      0.6914049323621988,
      0.7195953078255266,
      0.7143205928753519,
      0.6777980759529788,
      0.7424140440257645,
      0.7157038843127771,
      0.7187203119438412,
      0.6834233630524965,
      0.6454505074402331,
      0.6708676765344903,
      0.5880277543621837,
      0.6652451779942811,
      0.7316349134214339,
      0.6937677724788743,
      0.6883836032848325,
      0.6882495081665846,
      0.7486151319459141,
      0.6833369641083334,
      0.6828513495666174,
      0.6328125984020329,
      0.7463707478462236,
      0.6439338536898673,
      0.7676087456782034
    ],
    "structure_accuracy": [
      0.33333333333333337,
      0.5,
      0.5,
      0.5,
      0.6666666666666667,
      0.6666666666666667,
      0.0,
      0.0,
      0.0,
      0.0,
      0.0,
      0.0,
      0.0,
      0.0,
      0.0,
      0.0,
      0.0,
      0.0,
      0.0,
      0.0,
      0.0,
      0.0,
      0.0,
      0.0,
      0.0,
      0.0,
      0.0,
      0.0,
      0.0,
      0.0
    ],
    "counterfactual_accuracy": [
      0.008993168470624369,
      0.051233634585514665,
      0.1365962317213416,
      0.2282528190407902,
      0.3538132035173476,
      0.22008254937827587,
      0.33142263954505324,
      0.3219193771947175,
      0.36580650554969907,
      0.300167907262221,
      0.3267342961044051,
      0.2577548116678372,
      0.46471334190573543,
      0.3457469972781837,
      0.2676392943249084,
      0.33755293814465404,
      0.24626361741684377,
      0.31837280839681625,
      0.35887983825523406,
      0.3033087609510403,
      0.3250222917413339,
      0.3205352888908237,
      0.2999223651131615,
      0.2762446168635506,
      0.5563737188349478,
      0.3965857131406665,
      0.3552581073017791,
      0.40874432877171785,
      0.4376956959022209,
      0.2476004776544869
    ]
  },
  "ablation_config": {
    "enable_interventions": true,
    "enable_gradient_blocking": true,
    "enable_dynamic_rewiring": true,
    "enable_structure_learning": true,
    "enable_gradient_surgery": true
  },
  "final_metrics": {
    "train_loss": 1.2392842769622803,
    "test_loss": 1.1161193363368511,
    "structure_accuracy": 0.0,
    "counterfactual_accuracy": 0.2476004776544869
  }
}