{
  "training_history": {
    "epoch": [
      0,
      1,
      2,
      3,
      4,
      5,
      6,
      7,
      8,
      9,
      10,
      11,
      12,
      13,
      14,
      15,
      16,
      17,
      18,
      19,
      20,
      21,
      22,
      23,
      24,
      25,
      26,
      27,
      28,
      29
    ],
    "prediction_loss": [
      0.16932448744773865,
      0.14783196686767042,
      0.12383063789457083,
      0.11865768698044121,
      0.11859897687099874,
      0.11767334374599159,
      0.11262882663868368,
      0.11506449920125306,
      0.11274053785018623,
      0.11883045709691942,
      0.11185451596975327,
      0.11266385391354561,
      0.11072298418730497,
      0.11343007907271385,
      0.11138552497141063,
      0.1170096427667886,
      0.11801753379404545,
      0.11006198264658451,
      0.1096907730679959,
      0.11193919577635825,
      0.1174976525362581,
      0.11111452570185065,
      0.1128224553540349,
      0.1129588009789586,
      0.11134393466636539,
      0.10987807658966631,
      0.11142428021412343,
      0.11274815956130624,
      0.11453339201398194,
      0.11793407413642853
    ],
    "counterfactual_loss": [
      0.0,
      0.0,
      0.0,
      0.0,
      0.0,
      0.0,
      0.0,
      0.0,
      0.0,
      0.0,
      0.0,
      0.0,
      0.0,
      0.0,
      0.0,
      0.0,
      0.0,
      0.0,
      0.0,
      0.0,
      0.0,
      0.0,
      0.0,
      0.0,
      0.0,
      0.0,
      0.0,
      0.0,
      0.0,
      0.0
    ],
    "structure_loss": [
      1.064565091393888,
      0.9394803680479527,
      0.8175749909132719,
      0.7473445292562246,
      0.6999215437099338,
      0.6106609981507063,
      0.559511044062674,
      0.513508447445929,
      0.512450322508812,
      0.4357843906618655,
      0.44672856433317065,
      0.41959658544510603,
      0.3984305988997221,
      0.41642471915110946,
      0.44116394175216556,
      0.33061835495755076,
      0.46473308093845844,
      0.392358873039484,
      0.33480952540412545,
      0.35931583447381854,
      0.34116636170074344,
      0.36886177863925695,
      0.38624278316274285,
      0.3713018735870719,
      0.37606068747118115,
      0.3635483696125448,
      0.3188702571205795,
      0.313999081030488,
      0.29194505512714386,
      0.3134578187018633
    ],
    "total_loss": [
      0.27578099723905325,
      0.2417800072580576,
      0.20558813912793994,
      0.1933921412564814,
      0.1885911338031292,
      0.17873944505117834,
      0.16857993230223656,
      0.16641534445807338,
      0.1639855713583529,
      0.16240889625623822,
      0.15652737277559936,
      0.15462351217865944,
      0.1505660458933562,
      0.15507254982367158,
      0.155501919798553,
      0.15007147891446948,
      0.16449084435589612,
      0.14929787092842162,
      0.14317172532901168,
      0.14787077903747559,
      0.15161428810097277,
      0.14800070505589247,
      0.1514467354863882,
      0.15008898940868676,
      0.14895000378601253,
      0.14623291383031756,
      0.1433113068342209,
      0.14414806757122278,
      0.14372789836488664,
      0.14927985682152212
    ],
    "intervention_rate": [
      0.13671875,
      0.13671875,
      0.13671875,
      0.13671875,
      0.13671875,
      0.13671875,
      0.13671875,
      0.13671875,
      0.13671875,
      0.13671875,
      0.13671875,
      0.13671875,
      0.13671875,
      0.13671875,
      0.13671875,
      0.13671875,
      0.13671875,
      0.13671875,
      0.13671875,
      0.13671875,
      0.13671875,
      0.13671875,
      0.13671875,
      0.13671875,
      0.13671875,
      0.13671875,
      0.13671875,
      0.13671875,
      0.13671875,
      0.13671875
    ],
    "gradient_norms": [
      0.17360154391214527,
      0.19836459581109078,
      0.17980523055200628,
      0.178241391046268,
      0.1874850443187937,
      0.1733167009100162,
      0.14425192782727583,
      0.1441576335935322,
      0.17009585906027727,
      0.19006897481190818,
      0.17001326251406773,
      0.16331294132615612,
      0.19598008950151227,
      0.18566651686064983,
      0.1556388251608531,
      0.1591880987851759,
      0.1641150550379224,
      0.13254524145808502,
      0.14638575655030453,
      0.1690500649851706,
      0.1549104215919113,
      0.1639462285020719,
      0.15617023890802578,
      0.16979865171125227,
      0.1644355050692855,
      0.15300836846223692,
      0.1568788190060137,
      0.1847364081926644,
      0.16143546043625262,
      0.20335231860550326
    ],
    "structure_accuracy": [
      0.0,
      0.0,
      0.0,
      0.0,
      0.0,
      0.0,
      0.0,
      0.0,
      0.0,
      0.0,
      0.0,
      0.0,
      0.0,
      0.0,
      0.0,
      0.0,
      0.0,
      0.0,
      0.0,
      0.0,
      0.0,
      0.0,
      0.0,
      0.0,
      0.0,
      0.0,
      0.0,
      0.0,
      0.0,
      0.0
    ],
    "counterfactual_accuracy": [
      0.026387901336420327,
      0.09867721499176696,
      0.2325914524262771,
      0.16813674848526716,
      0.20528685813769698,
      0.15249237651005387,
      0.18143901252187788,
      0.21998507366515696,
      0.21218722802586854,
      0.18309321533888578,
      0.21929609798826277,
      0.19328826409764588,
      0.28332929499447346,
      0.21459937933832407,
      0.20511534460820258,
      0.19078286364674568,
      0.18297147541306913,
      0.21200785459950566,
      0.23400015686638653,
      0.1934599414234981,
      0.23769188555888832,
      0.2217280047480017,
      0.23132801265455782,
      0.20804138155654073,
      0.3516560379648581,
      0.27467345213517547,
      0.20802571391686797,
      0.2490874056238681,
      0.29742380138486624,
      0.19952978496439755
    ]
  },
  "ablation_config": {
    "enable_interventions": true,
    "enable_gradient_blocking": true,
    "enable_dynamic_rewiring": true,
    "enable_structure_learning": true,
    "enable_gradient_surgery": true
  },
  "final_metrics": {
    "train_loss": 0.14927985682152212,
    "test_loss": 0.11487076804041862,
    "structure_accuracy": 0.0,
    "counterfactual_accuracy": 0.19952978496439755
  }
}