{
  "training_history": {
    "epoch": [
      0,
      1,
      2,
      3,
      4,
      5,
      6,
      7,
      8,
      9,
      10,
      11,
      12,
      13,
      14,
      15,
      16,
      17,
      18,
      19,
      20,
      21,
      22,
      23,
      24,
      25,
      26,
      27,
      28,
      29,
      30,
      31,
      32,
      33,
      34,
      35,
      36,
      37,
      38,
      39,
      40,
      41,
      42,
      43,
      44,
      45,
      46,
      47,
      48,
      49
    ],
    "prediction_loss": [
      0.17973458394408226,
      0.15317401010543108,
      0.1418201585765928,
      0.13727528066374362,
      0.13634269824251533,
      0.1360482641030103,
      0.13424630789086223,
      0.13220776012167335,
      0.13543244288302958,
      0.13208814919926226,
      0.13271008478477597,
      0.13643696112558246,
      0.13091353711206466,
      0.1323497542180121,
      0.1336476074066013,
      0.13102341280318797,
      0.1324699546676129,
      0.13104348827619106,
      0.13379074458498508,
      0.13082348858006299,
      0.13277003378607333,
      0.13223243970423937,
      0.13118561170995235,
      0.13376355660147965,
      0.13351901760324836,
      0.13222473207861185,
      0.1352322744205594,
      0.13556620955932885,
      0.13113281200639904,
      0.1333469965029508,
      0.1344577071722597,
      0.13365076226182282,
      0.1299862207379192,
      0.1324202527757734,
      0.1359046082943678,
      0.13193999929353595,
      0.13107676059007645,
      0.13347194693051279,
      0.13300374010577798,
      0.13576153479516506,
      0.13149906555190682,
      0.1347257678862661,
      0.13097984390333295,
      0.13199231144972146,
      0.1307190121151507,
      0.13196061784401536,
      0.13195874565280974,
      0.13106924924068153,
      0.13303012028336525,
      0.13043322681915015
    ],
    "counterfactual_loss": [
      0.0,
      0.0,
      0.0,
      0.0,
      0.0,
      0.0,
      0.0,
      0.0,
      0.0,
      0.0,
      0.0,
      0.0,
      0.0,
      0.0,
      0.0,
      0.0,
      0.0,
      0.0,
      0.0,
      0.0,
      0.0,
      0.0,
      0.0,
      0.0,
      0.0,
      0.0,
      0.0,
      0.0,
      0.0,
      0.0,
      0.0,
      0.0,
      0.0,
      0.0,
      0.0,
      0.0,
      0.0,
      0.0,
      0.0,
      0.0,
      0.0,
      0.0,
      0.0,
      0.0,
      0.0,
      0.0,
      0.0,
      0.0,
      0.0,
      0.0
    ],
    "traditional_cf_loss": [],
    "cf_structure_loss": [],
    "cf_consistency_loss": [],
    "structure_loss": [
      1.1473672930151224,
      0.9551540538668633,
      0.9690669840201735,
      0.8429607236757874,
      0.7522671539336443,
      0.7400297624990344,
      0.6062975637614727,
      0.6022753017023206,
      0.5531284119933844,
      0.5458309957757592,
      0.5007983380928636,
      0.4761659116484225,
      0.4855992989614606,
      0.4667422082275152,
      0.43572589149698615,
      0.41512690763920546,
      0.43298322707414627,
      0.3365528522990644,
      0.44813603116199374,
      0.3583060149103403,
      0.44820444425567985,
      0.3751139370724559,
      0.37324604438617826,
      0.3861519298516214,
      0.38163483003154397,
      0.34588660579174757,
      0.3694447595626116,
      0.3358625532127917,
      0.33607250917702913,
      0.31096843210980296,
      0.32712725549936295,
      0.3357348432764411,
      0.3346938230097294,
      0.36219054041430354,
      0.32194048119708896,
      0.33281223429366946,
      0.29574564239010215,
      0.3424353306181729,
      0.3142868955619633,
      0.31533991592004895,
      0.2947382852435112,
      0.26942335814237595,
      0.2898007142357528,
      0.3039371594786644,
      0.30852949526160955,
      0.3054634854197502,
      0.3046063748188317,
      0.2899828404188156,
      0.2948461379855871,
      0.30837010545656085
    ],
    "causal_violation_penalty": [
      0.0,
      0.0,
      0.0,
      0.0,
      0.0,
      0.0,
      0.0,
      0.0,
      0.0,
      0.0,
      0.0,
      0.0,
      0.0,
      0.0,
      0.0,
      0.0,
      0.0,
      0.0,
      0.0,
      0.0,
      0.0,
      0.0,
      0.0,
      0.0,
      0.0,
      0.0,
      0.0,
      0.0,
      0.0,
      0.0,
      0.0,
      0.0,
      0.0,
      0.0,
      0.0,
      0.0,
      0.0,
      0.0,
      0.0,
      0.0,
      0.0,
      0.0,
      0.0,
      0.0,
      0.0,
      0.0,
      0.0,
      0.0,
      0.0,
      0.0
    ],
    "total_loss": [
      0.29447131929919124,
      0.2486894172616303,
      0.23872685711830854,
      0.22157135466113687,
      0.2115694168023765,
      0.21005124226212502,
      0.1948760668747127,
      0.1924352920614183,
      0.1907452866435051,
      0.18667124910280108,
      0.18278991943225265,
      0.18405355187132955,
      0.17947346763685346,
      0.17902397573925555,
      0.17722019692882895,
      0.17253610538318753,
      0.1757682783063501,
      0.16469877515919507,
      0.1786043478641659,
      0.16665409016422927,
      0.17759047751314938,
      0.16974383313208818,
      0.16851021628826857,
      0.17237875005230308,
      0.17168250074610114,
      0.16681339382193983,
      0.17217675177380443,
      0.16915246495045722,
      0.1647400634828955,
      0.16444384073838592,
      0.1671704335603863,
      0.16722424584440887,
      0.16345560271292925,
      0.16863930667750537,
      0.16809865762479603,
      0.16522122453898191,
      0.16065132524818182,
      0.1677154810167849,
      0.16443243040703237,
      0.1672955274116248,
      0.16097289323806763,
      0.16166810388676822,
      0.15995991718955338,
      0.16238602879457176,
      0.16157196322456002,
      0.16250696661882102,
      0.16241938364692032,
      0.16006753337569535,
      0.1625147343147546,
      0.16127023682929575
    ],
    "intervention_rate": [
      0.0,
      0.0,
      0.0,
      0.0,
      0.0,
      0.0,
      0.0,
      0.0,
      0.0,
      0.0,
      0.0,
      0.0,
      0.0,
      0.0,
      0.0,
      0.0,
      0.0,
      0.0,
      0.0,
      0.0,
      0.0,
      0.0,
      0.0,
      0.0,
      0.0,
      0.0,
      0.0,
      0.0,
      0.0,
      0.0,
      0.0,
      0.0,
      0.0,
      0.0,
      0.0,
      0.0,
      0.0,
      0.0,
      0.0,
      0.0,
      0.0,
      0.0,
      0.0,
      0.0,
      0.0,
      0.0,
      0.0,
      0.0,
      0.0,
      0.0
    ],
    "gradient_norms": [
      0.3438615027695304,
      0.17909300875354248,
      0.1473861628780333,
      0.1529349924576877,
      0.12956197799901734,
      0.15174443573839,
      0.12988632344134143,
      0.14178101516547764,
      0.13340261438902856,
      0.1587823797374633,
      0.1427004528920009,
      0.1301969656290824,
      0.15925793574291883,
      0.14661519328242958,
      0.13741698222653276,
      0.14143724275468517,
      0.14341070433647207,
      0.14188404318217596,
      0.11956969854206873,
      0.1422977719321095,
      0.1598306062249694,
      0.12142588079420025,
      0.12143074400913648,
      0.1314948402508289,
      0.13586408016359608,
      0.12700235982374275,
      0.13095532992821549,
      0.15129245689198806,
      0.12035446870858582,
      0.13219709692183929,
      0.11734191428997374,
      0.12809703969769076,
      0.13914738687153058,
      0.14196731005708568,
      0.12324989339758907,
      0.15069764196277413,
      0.12240216587379978,
      0.13472819489995597,
      0.1275317144626749,
      0.140271850927464,
      0.13682816844152254,
      0.16247721847019128,
      0.13631119948348935,
      0.13336796652629945,
      0.1312361362530516,
      0.12206499884210598,
      0.13565525662188876,
      0.1281358946070917,
      0.1406688995176741,
      0.13058898634793592
    ],