{
  "seed_0_noise_0.1": {
    "seed": 0,
    "noise_level": 0.1,
    "final_metrics": {
      "train_loss": 0.0472737128729932,
      "test_loss": 0.01937930259737186,
      "structure_accuracy": 0.0,
      "counterfactual_accuracy": 0.21718963724561036
    }
  },
  "seed_0_noise_0.3": {
    "seed": 0,
    "noise_level": 0.3,
    "final_metrics": {
      "train_loss": 0.14953842479735613,
      "test_loss": 0.1149853146634996,
      "structure_accuracy": 0.0,
      "counterfactual_accuracy": 0.2003011384513229
    }
  },
  "seed_0_noise_0.5": {
    "seed": 0,
    "noise_level": 0.5,
    "final_metrics": {
      "train_loss": 0.35013659857213497,
      "test_loss": 0.2948770923539996,
      "structure_accuracy": 0.0,
      "counterfactual_accuracy": 0.21032369846943766
    }
  },
  "seed_0_noise_0.7": {
    "seed": 0,
    "noise_level": 0.7,
    "final_metrics": {
      "train_loss": 0.6389078889042139,
      "test_loss": 0.5590386940166354,
      "structure_accuracy": 0.0,
      "counterfactual_accuracy": 0.2231810218654573
    }
  },
  "seed_0_noise_1.0": {
    "seed": 0,
    "noise_level": 1.0,
    "final_metrics": {
      "train_loss": 1.2392842769622803,
      "test_loss": 1.1161193363368511,
      "structure_accuracy": 0.0,
      "counterfactual_accuracy": 0.2476004776544869
    }
  },
  "seed_1_noise_0.1": {
    "seed": 1,
    "noise_level": 0.1,
    "final_metrics": {
      "train_loss": 0.04774116910994053,
      "test_loss": 0.01843314545112662,
      "structure_accuracy": 0.0,
      "counterfactual_accuracy": 0.178669553832151
    }
  },
  "seed_1_noise_0.3": {
    "seed": 1,
    "noise_level": 0.3,
    "final_metrics": {
      "train_loss": 0.14927985682152212,
      "test_loss": 0.11487076804041862,
      "structure_accuracy": 0.0,
      "counterfactual_accuracy": 0.19952978496439755
    }
  },
  "seed_1_noise_0.5": {
    "seed": 1,
    "noise_level": 0.5,
    "final_metrics": {
      "train_loss": 0.35013659857213497,
      "test_loss": 0.2948770923539996,
      "structure_accuracy": 0.0,
      "counterfactual_accuracy": 0.21032369846943766
    }
  },
  "seed_1_noise_0.7": {
    "seed": 1,
    "noise_level": 0.7,
    "final_metrics": {
      "train_loss": 0.6389078889042139,
      "test_loss": 0.5590386940166354,
      "structure_accuracy": 0.0,
      "counterfactual_accuracy": 0.2231810218654573
    }
  },
  "seed_1_noise_1.0": {
    "seed": 1,
    "noise_level": 1.0,
    "final_metrics": {
      "train_loss": 1.2392842769622803,
      "test_loss": 1.1161193363368511,
      "structure_accuracy": 0.0,
      "counterfactual_accuracy": 0.2476004776544869
    }
  },
  "seed_2_noise_0.1": {
    "seed": 2,
    "noise_level": 0.1,
    "final_metrics": {
      "train_loss": 0.04703243094263598,
      "test_loss": 0.01938125326705631,
      "structure_accuracy": 0.0,
      "counterfactual_accuracy": 0.21647375193424523
    }
  },
  "seed_2_noise_0.3": {
    "seed": 2,
    "noise_level": 0.3,
    "final_metrics": {
      "train_loss": 0.14953842479735613,
      "test_loss": 0.1149853146634996,
      "structure_accuracy": 0.0,
      "counterfactual_accuracy": 0.2003011384513229
    }
  },
  "seed_2_noise_0.5": {
    "seed": 2,
    "noise_level": 0.5,
    "final_metrics": {
      "train_loss": 0.35013659857213497,
      "test_loss": 0.2948770923539996,
      "structure_accuracy": 0.0,
      "counterfactual_accuracy": 0.21032369846943766
    }
  },
  "seed_2_noise_0.7": {
    "seed": 2,
    "noise_level": 0.7,
    "final_metrics": {
      "train_loss": 0.6389078889042139,
      "test_loss": 0.5590386940166354,
      "structure_accuracy": 0.0,
      "counterfactual_accuracy": 0.2231810218654573
    }
  },
  "seed_2_noise_1.0": {
    "seed": 2,
    "noise_level": 1.0,
    "final_metrics": {
      "train_loss": 1.2392842769622803,
      "test_loss": 1.1161193363368511,
      "structure_accuracy": 0.0,
      "counterfactual_accuracy": 0.2476004776544869
    }
  }
}