{
  "noise_0.1": {
    "test_loss": {
      "mean": 0.06767892756033689,
      "std": 0.0,
      "min": 0.06767892756033689,
      "max": 0.06767892756033689
    },
    "structure_accuracy": {
      "mean": 1.0,
      "std": 0.0,
      "min": 1.0,
      "max": 1.0
    },
    "counterfactual_accuracy": {
      "mean": 0.0,
      "std": 0.0,
      "min": 0.0,
      "max": 0.0
    }
  },
  "noise_0.3": {
    "test_loss": {
      "mean": 0.13949932251125574,
      "std": 0.0,
      "min": 0.13949932251125574,
      "max": 0.13949932251125574
    },
    "structure_accuracy": {
      "mean": 0.6666666666666666,
      "std": 1.1102230246251565e-16,
      "min": 0.6666666666666667,
      "max": 0.6666666666666667
    },
    "counterfactual_accuracy": {
      "mean": 0.09390791953774169,
      "std": 0.0,
      "min": 0.09390791953774169,
      "max": 0.09390791953774169
    }
  },
  "noise_0.5": {
    "test_loss": {
      "mean": 0.39673035917803645,
      "std": 0.0,
      "min": 0.39673035917803645,
      "max": 0.39673035917803645
    },
    "structure_accuracy": {
      "mean": 1.0,
      "std": 0.0,
      "min": 1.0,
      "max": 1.0
    },
    "counterfactual_accuracy": {
      "mean": 0.0,
      "std": 0.0,
      "min": 0.0,
      "max": 0.0
    }
  },
  "noise_0.7": {
    "test_loss": {
      "mean": 0.6454052729532123,
      "std": 0.0,
      "min": 0.6454052729532123,
      "max": 0.6454052729532123
    },
    "structure_accuracy": {
      "mean": 0.6666666666666666,
      "std": 1.1102230246251565e-16,
      "min": 0.6666666666666667,
      "max": 0.6666666666666667
    },
    "counterfactual_accuracy": {
      "mean": 0.16763856512261555,
      "std": 0.0,
      "min": 0.16763856512261555,
      "max": 0.16763856512261555
    }
  },
  "noise_1.0": {
    "test_loss": {
      "mean": 1.4333967044949532,
      "std": 0.0,
      "min": 1.4333967044949532,
      "max": 1.4333967044949532
    },
    "structure_accuracy": {
      "mean": 1.0,
      "std": 0.0,
      "min": 1.0,
      "max": 1.0
    },
    "counterfactual_accuracy": {
      "mean": 0.0,
      "std": 0.0,
      "min": 0.0,
      "max": 0.0
    }
  }
}