{
  "noise_0.1": {
    "test_loss": {
      "mean": 0.01906456710518493,
      "std": 0.0004464832435738609,
      "min": 0.01843314545112662,
      "max": 0.01938125326705631
    },
    "structure_accuracy": {
      "mean": 0.0,
      "std": 0.0,
      "min": 0.0,
      "max": 0.0
    },
    "counterfactual_accuracy": {
      "mean": 0.20411098100400218,
      "std": 0.01799217951129904,
      "min": 0.178669553832151,
      "max": 0.21718963724561036
    }
  },
  "noise_0.3": {
    "test_loss": {
      "mean": 0.11494713245580594,
      "std": 5.3997795961715055e-05,
      "min": 0.11487076804041862,
      "max": 0.1149853146634996
    },
    "structure_accuracy": {
      "mean": 0.0,
      "std": 0.0,
      "min": 0.0,
      "max": 0.0
    },
    "counterfactual_accuracy": {
      "mean": 0.2000440206223478,
      "std": 0.0003636195208645423,
      "min": 0.19952978496439755,
      "max": 0.2003011384513229
    }
  },
  "noise_0.5": {
    "test_loss": {
      "mean": 0.2948770923539996,
      "std": 0.0,
      "min": 0.2948770923539996,
      "max": 0.2948770923539996
    },
    "structure_accuracy": {
      "mean": 0.0,
      "std": 0.0,
      "min": 0.0,
      "max": 0.0
    },
    "counterfactual_accuracy": {
      "mean": 0.21032369846943766,
      "std": 0.0,
      "min": 0.21032369846943766,
      "max": 0.21032369846943766
    }
  },
  "noise_0.7": {
    "test_loss": {
      "mean": 0.5590386940166354,
      "std": 0.0,
      "min": 0.5590386940166354,
      "max": 0.5590386940166354
    },
    "structure_accuracy": {
      "mean": 0.0,
      "std": 0.0,
      "min": 0.0,
      "max": 0.0
    },
    "counterfactual_accuracy": {
      "mean": 0.2231810218654573,
      "std": 0.0,
      "min": 0.2231810218654573,
      "max": 0.2231810218654573
    }
  },
  "noise_1.0": {
    "test_loss": {
      "mean": 1.1161193363368511,
      "std": 0.0,
      "min": 1.1161193363368511,
      "max": 1.1161193363368511
    },
    "structure_accuracy": {
      "mean": 0.0,
      "std": 0.0,
      "min": 0.0,
      "max": 0.0
    },
    "counterfactual_accuracy": {
      "mean": 0.2476004776544869,
      "std": 0.0,
      "min": 0.2476004776544869,
      "max": 0.2476004776544869
    }
  }
}