{
  "seed_0_noise_0.1": {
    "seed": 0,
    "noise_level": 0.1,
    "final_metrics": {
      "train_loss": 0.12074572802521288,
      "test_loss": 0.06767892756033689,
      "structure_accuracy": 1.0,
      "counterfactual_accuracy": 0.0
    }
  },
  "seed_0_noise_0.3": {
    "seed": 0,
    "noise_level": 0.3,
    "final_metrics": {
      "train_loss": 0.1827065465040505,
      "test_loss": 0.13949932251125574,
      "structure_accuracy": 0.6666666666666667,
      "counterfactual_accuracy": 0.09390791953774169
    }
  },
  "seed_0_noise_0.5": {
    "seed": 0,
    "noise_level": 0.5,
    "final_metrics": {
      "train_loss": 0.4621807895600796,
      "test_loss": 0.39673035917803645,
      "structure_accuracy": 1.0,
      "counterfactual_accuracy": 0.0
    }
  },
  "seed_0_noise_0.7": {
    "seed": 0,
    "noise_level": 0.7,
    "final_metrics": {
      "train_loss": 0.7106462856754661,
      "test_loss": 0.6454052729532123,
      "structure_accuracy": 0.6666666666666667,
      "counterfactual_accuracy": 0.16763856512261555
    }
  },
  "seed_0_noise_1.0": {
    "seed": 0,
    "noise_level": 1.0,
    "final_metrics": {
      "train_loss": 1.5229826737195253,
      "test_loss": 1.4333967044949532,
      "structure_accuracy": 1.0,
      "counterfactual_accuracy": 0.0
    }
  },
  "seed_1_noise_0.1": {
    "seed": 1,
    "noise_level": 0.1,
    "final_metrics": {
      "train_loss": 0.1215738836908713,
      "test_loss": 0.06767892756033689,
      "structure_accuracy": 1.0,
      "counterfactual_accuracy": 0.0
    }
  },
  "seed_1_noise_0.3": {
    "seed": 1,
    "noise_level": 0.3,
    "final_metrics": {
      "train_loss": 0.1827065465040505,
      "test_loss": 0.13949932251125574,
      "structure_accuracy": 0.6666666666666667,
      "counterfactual_accuracy": 0.09390791953774169
    }
  },
  "seed_1_noise_0.5": {
    "seed": 1,
    "noise_level": 0.5,
    "final_metrics": {
      "train_loss": 0.4621807895600796,
      "test_loss": 0.39673035917803645,
      "structure_accuracy": 1.0,
      "counterfactual_accuracy": 0.0
    }
  },
  "seed_1_noise_0.7": {
    "seed": 1,
    "noise_level": 0.7,
    "final_metrics": {
      "train_loss": 0.7106462856754661,
      "test_loss": 0.6454052729532123,
      "structure_accuracy": 0.6666666666666667,
      "counterfactual_accuracy": 0.16763856512261555
    }
  },
  "seed_1_noise_1.0": {
    "seed": 1,
    "noise_level": 1.0,
    "final_metrics": {
      "train_loss": 1.5229826737195253,
      "test_loss": 1.4333967044949532,
      "structure_accuracy": 1.0,
      "counterfactual_accuracy": 0.0
    }
  },
  "seed_2_noise_0.1": {
    "seed": 2,
    "noise_level": 0.1,
    "final_metrics": {
      "train_loss": 0.12019965052604675,
      "test_loss": 0.06767892756033689,
      "structure_accuracy": 1.0,
      "counterfactual_accuracy": 0.0
    }
  },
  "seed_2_noise_0.3": {
    "seed": 2,
    "noise_level": 0.3,
    "final_metrics": {
      "train_loss": 0.1827065465040505,
      "test_loss": 0.13949932251125574,
      "structure_accuracy": 0.6666666666666667,
      "counterfactual_accuracy": 0.09390791953774169
    }
  },
  "seed_2_noise_0.5": {
    "seed": 2,
    "noise_level": 0.5,
    "final_metrics": {
      "train_loss": 0.4621807895600796,
      "test_loss": 0.39673035917803645,
      "structure_accuracy": 1.0,
      "counterfactual_accuracy": 0.0
    }
  },
  "seed_2_noise_0.7": {
    "seed": 2,
    "noise_level": 0.7,
    "final_metrics": {
      "train_loss": 0.7106462856754661,
      "test_loss": 0.6454052729532123,
      "structure_accuracy": 0.6666666666666667,
      "counterfactual_accuracy": 0.16763856512261555
    }
  },
  "seed_2_noise_1.0": {
    "seed": 2,
    "noise_level": 1.0,
    "final_metrics": {
      "train_loss": 1.5229826737195253,
      "test_loss": 1.4333967044949532,
      "structure_accuracy": 1.0,
      "counterfactual_accuracy": 0.0
    }
  }
}