{
  "standard_diagnostics": {
    "training_losses": [
      0.6729273051023483,
      0.5972058326005936,
      0.49855826795101166,
      0.3872091844677925,
      0.2372379507869482
    ]
  },
  "causal_diagnostics": {
    "training_losses": [
      0.6941898986697197,
      0.6433183252811432,
      0.5434866510331631,
      0.4486214220523834,
      0.3251224085688591
    ],
    "intervention_count": 18,
    "total_forward_passes": 40,
    "intervention_rate": 0.45,
    "avg_intervention_magnitude": 3.5808353424072266,
    "final_causal_penalty": 0.03580835089087486,
    "alpha_parameters": [
      -0.006888815201818943,
      -0.013647672720253468,
      -0.013728871941566467,
      -0.012975332327187061,
      -0.007310748565942049,
      -0.012983391061425209,
      -0.01203971542418003,
      -0.015189719386398792,
      -0.012370533309876919,
      -0.011808852665126324,
      -0.004175876267254353,
      -0.008312059566378593,
      -0.013794290833175182,
      -0.013704473152756691,
      0.00268774782307446,
      -0.011416164226830006,
      -0.014341280795633793,
      -0.013520882464945316,
      -0.013770664110779762,
      -0.012881853617727757,
      -0.0012780585093423724,
      -0.009776012971997261,
      -0.015171629376709461,
      -0.01342836208641529,
      -0.0152329932898283,
      -0.01239815354347229,
      -0.014983143657445908,
      -0.01437368430197239,
      -0.013577863574028015,
      -0.012129290029406548,
      -0.00759269529953599,
      -0.007227801717817783,
      -0.014650369063019753,
      -0.01515903603285551,
      -0.004146996885538101,
      -0.014432094059884548,
      -0.01674925535917282,
      -0.015503100119531155,
      -0.010929780080914497,
      -0.012613559141755104,
      -0.01090820599347353,
      -0.013064670376479626,
      -0.013681876473128796,
      -0.009460853412747383,
      -0.007588551379740238,
      -0.015647850930690765,
      -0.011489519849419594,
      0.0009432450169697404,
      -0.013405206613242626,
      -0.012099811807274818,
      -0.008797979913651943,
      -0.013970563188195229,
      0.001290858373977244,
      -0.014227732084691525,
      -0.014313019812107086,
      -0.008272050879895687,
      -0.00805436447262764,
      -0.01438866090029478,
      -0.012274449691176414,
      -0.01158052496612072,
      -0.008377709425985813,
      -0.013183442875742912,
      -0.006309754215180874,
      -0.014253485016524792,
      -0.014393778517842293,
      -0.013647451996803284,
      -0.009228682145476341,
      -0.013865540735423565,
      -0.013396849855780602,
      -0.007409758400171995,
      0.001689340453594923,
      -0.012569967657327652,
      -0.016014697030186653,
      -0.013101920485496521,
      -0.008203239180147648,
      -0.014973016455769539,
      -0.007322506047785282,
      -0.010432926937937737,
      -0.014077589847147465,
      -0.011561457067728043,
      -0.014748521149158478,
      -0.011597655713558197,
      -0.014281298965215683,
      -0.01361816469579935,
      -0.01288739126175642,
      -0.013505317270755768,
      -0.015129584819078445,
      -0.012474018149077892,
      -0.014108140021562576,
      -0.010689130052924156,
      -0.01296677440404892,
      -0.014611072838306427,
      -0.013350795023143291,
      -0.011354470625519753,
      -0.00952569954097271,
      -0.013604629784822464,
      -0.011327034793794155,
      -0.014311683364212513,
      -0.012075625360012054,
      -0.014668706804513931,
      -0.013821798376739025,
      -0.0033327979035675526,
      -0.012842049822211266,
      -0.015244360081851482,
      -0.010391062125563622,
      0.003112278413027525,
      -0.014164704829454422,
      -0.011017017997801304,
      -0.01630530133843422,
      -0.013190055266022682,
      -0.014449859969317913,
      -0.01624753326177597,
      -0.008771495893597603,
      -0.012088446877896786,
      -0.013830051757395267,
      -0.011347138322889805,
      -0.012314080260694027,
      -0.014615761116147041,
      -0.013326923362910748,
      -0.016035111621022224,
      0.0026462115347385406,
      -0.012573140673339367,
      -0.00992292258888483,
      -0.012028797529637814,
      -0.014912150800228119,
      -0.013237528502941132,
      -0.012071151286363602,
      -0.01600414514541626
    ]
  },
  "performance_comparison": {
    "standard_accuracy": 1.0,
    "causal_accuracy": 1.0,
    "accuracy_difference": 0.0
  },
  "output_comparison": {
    "avg_logit_difference": 1.7969610095024109,
    "avg_hidden_difference": 9.85840368270874,
    "max_logit_difference": 1.8561164140701294,
    "max_hidden_difference": 9.86598014831543
  }
}