{
  "chain": {
    "structure": {
      "precision": 0.3333333333333333,
      "recall": 1.0,
      "f1": 0.5,
      "auc": 0.7142857142857143,
      "shd": 4,
      "edge_accuracy": 0.5555555555555556
    },
    "counterfactual": {
      "mean_intervention_effect": 0.1068099313415587,
      "std_intervention_effect": 0.09876294233818565,
      "mean_correlation": 0.8461326360702515,
      "std_correlation": 0.053500834852457047,
      "min_effect": 0.027425598353147507,
      "max_effect": 0.3641397953033447
    },
    "prediction": {
      "mse": 0.14040082693099976,
      "mae": 0.3010978400707245
    },
    "config": {
      "name": "chain",
      "type": "chain",
      "n_nodes": 4
    }
  },
  "fork": {
    "structure": {
      "precision": 0.3333333333333333,
      "recall": 1.0,
      "f1": 0.5,
      "auc": 0.7142857142857143,
      "shd": 4,
      "edge_accuracy": 0.5555555555555556
    },
    "counterfactual": {
      "mean_intervention_effect": 0.10748498048633337,
      "std_intervention_effect": 0.10079407894725634,
      "mean_correlation": 0.834546685218811,
      "std_correlation": 0.0573444664478302,
      "min_effect": 0.027571965008974075,
      "max_effect": 0.36971598863601685
    },
    "prediction": {
      "mse": 0.21103030443191528,
      "mae": 0.36784589290618896
    },
    "config": {
      "name": "fork",
      "type": "fork",
      "n_nodes": 4
    }
  },
  "v_structure": {
    "structure": {
      "precision": 0.3333333333333333,
      "recall": 1.0,
      "f1": 0.5,
      "auc": 0.7142857142857143,
      "shd": 4,
      "edge_accuracy": 0.5555555555555556
    },
    "counterfactual": {
      "mean_intervention_effect": 0.11990568935871124,
      "std_intervention_effect": 0.08679590138766745,
      "mean_correlation": 0.7988613843917847,
      "std_correlation": 0.07283473014831543,
      "min_effect": 0.03929514437913895,
      "max_effect": 0.34740424156188965
    },
    "prediction": {
      "mse": 0.289390504360199,
      "mae": 0.4247443974018097
    },
    "config": {
      "name": "v_structure",
      "type": "v_structure",
      "n_nodes": 4
    }
  },
  "confounder": {
    "structure": {
      "precision": 0.3333333333333333,
      "recall": 1.0,
      "f1": 0.5,
      "auc": 0.7142857142857143,
      "shd": 4,
      "edge_accuracy": 0.5555555555555556
    },
    "counterfactual": {
      "mean_intervention_effect": 0.10775993578135967,
      "std_intervention_effect": 0.09582726227504165,
      "mean_correlation": 0.8547356724739075,
      "std_correlation": 0.05336286127567291,
      "min_effect": 0.027722157537937164,
      "max_effect": 0.35841670632362366
    },
    "prediction": {
      "mse": 0.373229444026947,
      "mae": 0.48867368698120117
    },
    "config": {
      "name": "confounder",
      "type": "confounder",
      "n_nodes": 4
    }
  },
  "complex": {
    "structure": {
      "precision": 0.3333333333333333,
      "recall": 1.0,
      "f1": 0.5,
      "auc": 0.7142857142857143,
      "shd": 4,
      "edge_accuracy": 0.5555555555555556
    },
    "counterfactual": {
      "mean_intervention_effect": 0.10775993578135967,
      "std_intervention_effect": 0.09582726227504165,
      "mean_correlation": 0.8547356724739075,
      "std_correlation": 0.05336286127567291,
      "min_effect": 0.027722157537937164,
      "max_effect": 0.35841670632362366
    },
    "prediction": {
      "mse": 0.373229444026947,
      "mae": 0.48867368698120117
    },
    "config": {
      "name": "complex",
      "type": "complex",
      "n_nodes": 6
    }
  }
}