{
  "training_history": {
    "epoch": [
      0,
      1,
      2,
      3,
      4,
      5,
      6,
      7,
      8,
      9,
      10,
      11,
      12,
      13,
      14,
      15,
      16,
      17,
      18,
      19,
      20
    ],
    "prediction_loss": [
      0.39428693847730756,
      0.3911118730902672,
      0.38828824227675796,
      0.39213728811591864,
      0.4006451824679971,
      0.3910706667229533,
      0.3920872984454036,
      0.3913014098070562,
      0.39602471236139536,
      0.39454173389822245,
      0.3938277345150709,
      0.3931557424366474,
      0.40038258023560047,
      0.3976925858296454,
      0.40088370721787214,
      0.38774655293673277,
      0.39336239360272884,
      0.3915398418903351,
      0.38803820218890905,
      0.39412986394017935,
      0.3889994816854596
    ],
    "counterfactual_loss": [
      0.024828161345794797,
      0.020887266291538253,
      0.018028730060905218,
      0.01642934521078132,
      0.016236132418271154,
      0.018037477129837498,
      0.016122602944960818,
      0.024662285490194336,
      0.022435227932874113,
      0.026463055721251294,
      0.01632561587030068,
      0.02134415745967999,
      0.017480581562267616,
      0.01991082780295983,
      0.022831869107903913,
      0.030429719015955925,
      0.020689664204837754,
      0.023829997575376183,
      0.01810293531161733,
      0.01613949242164381,
      0.021456244576256722
    ],
    "traditional_cf_loss": [],
    "cf_structure_loss": [],
    "cf_consistency_loss": [],
    "structure_loss": [
      1.0364030888304114,
      0.8864047471433878,
      0.8852553274482489,
      0.7292062286287546,
      0.8296622354537249,
      0.7264779629185796,
      0.744009604677558,
      0.6991885397583246,
      0.662832516245544,
      0.596027497202158,
      0.6111427079886198,
      0.5790704404935241,
      0.6175699895247817,
      0.5673399241641164,
      0.5462819701060653,
      0.5387027068063617,
      0.4918607836589217,
      0.5443474529311061,
      0.5054547004401684,
      0.49100742023438215,
      0.5172506459057331
    ],
    "causal_violation_penalty": [
      1.7780765119823627e-05,
      0.0,
      0.0,
      0.0,
      0.0,
      0.0,
      0.0,
      0.0,
      0.0,
      0.0,
      0.0,
      0.0,
      0.0,
      0.0,
      0.0,
      0.0,
      0.0,
      0.0,
      0.0,
      0.0,
      0.0
    ],
    "total_loss": [
      0.5227731904014945,
      0.500639614649117,
      0.49484250508248806,
      0.48148726020008326,
      0.499847543425858,
      0.4817559402436018,
      0.4826108645647764,
      0.48588255420327187,
      0.48474318999797106,
      0.4806075328961015,
      0.4712676266208291,
      0.4724069442600012,
      0.47962016239762306,
      0.4743374064564705,
      0.47834377735853195,
      0.4720465377904475,
      0.4632381396368146,
      0.4698045812547207,
      0.45668660569936037,
      0.4593701004050672,
      0.4621807895600796
    ],
    "intervention_rate": [
      0.13671875,
      0.13671875,
      0.13671875,
      0.13671875,
      0.13671875,
      0.13671875,
      0.13671875,
      0.13671875,
      0.13671875,
      0.13671875,
      0.13671875,
      0.13671875,
      0.13671875,
      0.13671875,
      0.13671875,
      0.13671875,
      0.13671875,
      0.13671875,
      0.13671875,
      0.13671875,
      0.13671875
    ],
    "gradient_norms": [
      0.077828844617984,
      0.06496192165958306,
      0.06361727980513221,
      0.05370637435675937,
      0.06340065970299062,
      0.056963258758376815,
      0.0593187761651501,
      0.05527625956067442,
      0.053860322838274466,
      0.04884016253371863,
      0.049489362148566834,
      0.047531096015897924,
      0.04847530218158927,
      0.04684545406279504,
      0.04207672603210348,
      0.047135224683299046,
      0.04048658826240184,
      0.04609689969503299,
      0.040138423543474605,
      0.042212502500821134,
      0.04119481424153134
    ],
    "structure_accuracy": [
      1.0,
      1.0,
      1.0,
      1.0,
      1.0,
      1.0,
      1.0,
      1.0,
      1.0,
      1.0,
      1.0,
      1.0,
      1.0,
      1.0,
      1.0,
      1.0,
      1.0,
      1.0,
      1.0,
      1.0,
      1.0
    ],
    "counterfactual_accuracy": [
      0.0,
      0.0,
      0.0,
      0.0,
      0.0,
      0.0,
      0.0,
      0.0,
      0.0,
      0.0,
      0.0,
      0.0,
      0.0,
      0.0,
      0.0,
      0.0,
      0.0,
      0.0,
      0.0,
      0.0,
      0.0
    ]
  },
  "ablation_config": {
    "enable_interventions": true,
    "enable_gradient_blocking": true,
    "enable_dynamic_rewiring": true,
    "enable_structure_learning": true,
    "enable_gradient_surgery": true
  },
  "final_metrics": {
    "train_loss": 0.4621807895600796,
    "test_loss": 0.39673035917803645,
    "structure_accuracy": 1.0,
    "counterfactual_accuracy": 0.0
  }
}