{
  "training_history": {
    "epoch": [
      0,
      1,
      2,
      3,
      4,
      5,
      6,
      7,
      8,
      9,
      10,
      11,
      12,
      13,
      14,
      15,
      16,
      17,
      18,
      19,
      20,
      21,
      22,
      23,
      24,
      25,
      26,
      27,
      28,
      29
    ],
    "prediction_loss": [
      0.39277964644134045,
      0.3695939751341939,
      0.337761749047786,
      0.31154049606993794,
      0.30546794179826975,
      0.3065713378600776,
      0.29052894935011864,
      0.2934989440254867,
      0.29103206284344196,
      0.3039547591470182,
      0.2906143176369369,
      0.29231372848153114,
      0.2846169837284833,
      0.2922820933163166,
      0.28682493092492223,
      0.30468111857771873,
      0.30404837150126696,
      0.28719526436179876,
      0.2865209807641804,
      0.2920568068511784,
      0.3037629956379533,
      0.28902702732011676,
      0.2919465177692473,
      0.2925639464519918,
      0.2899422161281109,
      0.2846221085637808,
      0.2866562692215666,
      0.29338029818609357,
      0.29824031656607985,
      0.30310238571837544
    ],
    "counterfactual_loss": [
      0.0,
      0.0,
      0.0,
      0.0,
      0.0,
      0.0,
      0.0,
      0.0,
      0.0,
      0.0,
      0.0,
      0.0,
      0.0,
      0.0,
      0.0,
      0.0,
      0.0,
      0.0,
      0.0,
      0.0,
      0.0,
      0.0,
      0.0,
      0.0,
      0.0,
      0.0,
      0.0,
      0.0,
      0.0,
      0.0
    ],
    "structure_loss": [
      1.2416833089664578,
      1.1367056295275688,
      0.9724090546369553,
      0.9045278280973434,
      0.8612086828798056,
      0.7600831296294928,
      0.7131577702239156,
      0.6419845707714558,
      0.6923416769132018,
      0.606313600204885,
      0.6232066638767719,
      0.5979294944554567,
      0.5717384349554777,
      0.5802336530759931,
      0.6164393629878759,
      0.4967852374538779,
      0.6402294496074319,
      0.5623299069702625,
      0.491000484675169,
      0.5138867637142539,
      0.49362643994390965,
      0.5295250108465552,
      0.5560851460322738,
      0.526970305480063,
      0.5344726778566837,
      0.5203505307435989,
      0.4696035133674741,
      0.47423490323126316,
      0.4468925599940121,
      0.4703421154990792
    ],
    "total_loss": [
      0.5169479819014668,
      0.4832645431160927,
      0.43500265572220087,
      0.4019932774826884,
      0.3915888126939535,
      0.38257965352386236,
      0.3618447254411876,
      0.3576974021270871,
      0.36026623053476214,
      0.364586120005697,
      0.3529349844902754,
      0.35210667503997684,
      0.34179082699120045,
      0.3503054608590901,
      0.3484688657335937,
      0.3543596430681646,
      0.3680713176727295,
      0.34342825412750244,
      0.3356210319325328,
      0.34344548266381025,
      0.3531256401911378,
      0.34197952831164,
      0.34755503479391336,
      0.3452609763480723,
      0.34338948503136635,
      0.33665715949609876,
      0.33361662086099386,
      0.3408037913031876,
      0.34292957140132785,
      0.35013659857213497
    ],
    "intervention_rate": [
      0.13671875,
      0.13671875,
      0.13671875,
      0.13671875,
      0.13671875,
      0.13671875,
      0.13671875,
      0.13671875,
      0.13671875,
      0.13671875,
      0.13671875,
      0.13671875,
      0.13671875,
      0.13671875,
      0.13671875,
      0.13671875,
      0.13671875,
      0.13671875,
      0.13671875,
      0.13671875,
      0.13671875,
      0.13671875,
      0.13671875,
      0.13671875,
      0.13671875,
      0.13671875,
      0.13671875,
      0.13671875,
      0.13671875,
      0.13671875
    ],
    "gradient_norms": [
      0.22773716045086076,
      0.25527959655287086,
      0.29484125632838126,
      0.3045379750334817,
      0.3290832747256104,
      0.28861754786789856,
      0.25962935670059795,
      0.2724764474949171,
      0.30554364111990223,
      0.3358381762457864,
      0.2959419259874839,
      0.3158447223839205,
      0.3503323009348157,
      0.3372655349720464,
      0.29035866607761296,
      0.2841177758870864,
      0.28871685355384885,
      0.23173145631201397,
      0.266565455548516,
      0.31547318346758235,
      0.2874891491423563,
      0.29638441623385775,
      0.2852348915539353,
      0.31648198446356146,
      0.3005488750748805,
      0.28347481877195896,
      0.27677350969767023,
      0.3353108550145,
      0.29273499593068747,
      0.3688724657776535
    ],
    "structure_accuracy": [
      0.33333333333333337,
      0.5,
      0.5,
      0.5,
      0.6666666666666667,
      0.6666666666666667,
      0.0,
      0.0,
      0.0,
      0.0,
      0.0,
      0.0,
      0.0,
      0.0,
      0.0,
      0.0,
      0.0,
      0.0,
      0.0,
      0.0,
      0.0,
      0.0,
      0.0,
      0.0,
      0.0,
      0.0,
      0.0,
      0.0,
      0.0,
      0.0
    ],
    "counterfactual_accuracy": [
      0.0101875123946229,
      0.054801107093226165,
      0.16343154199421406,
      0.20068327523767948,
      0.26329007814638317,
      0.1665161910932511,
      0.24278015759773552,
      0.25983515987172723,
      0.2863496367353946,
      0.21881305647548288,
      0.25910940824542195,
      0.21757301152683794,
      0.3681918471120298,
      0.26609231426846236,
      0.22633057704661041,
      0.2391879487549886,
      0.202729579876177,
      0.2466885696630925,
      0.28285649593453854,
      0.23389800707809627,
      0.27292795304674655,
      0.25786547630559653,
      0.2643619005102664,
      0.23579428193625063,
      0.44928435352630913,
      0.32755919091869146,
      0.25902908691205084,
      0.3097818501992151,
      0.3541583251208067,
      0.21032369846943766
    ]
  },
  "ablation_config": {
    "enable_interventions": true,
    "enable_gradient_blocking": true,
    "enable_dynamic_rewiring": true,
    "enable_structure_learning": true,
    "enable_gradient_surgery": true
  },
  "final_metrics": {
    "train_loss": 0.35013659857213497,
    "test_loss": 0.2948770923539996,
    "structure_accuracy": 0.0,
    "counterfactual_accuracy": 0.21032369846943766
  }
}