{
  "training_history": {
    "epoch": [
      0,
      1,
      2,
      3,
      4,
      5,
      6,
      7,
      8,
      9,
      10,
      11,
      12,
      13,
      14,
      15,
      16,
      17,
      18,
      19,
      20,
      21,
      22,
      23,
      24,
      25,
      26,
      27,
      28,
      29,
      30,
      31,
      32,
      33,
      34,
      35,
      36,
      37,
      38,
      39,
      40,
      41,
      42,
      43,
      44,
      45,
      46,
      47,
      48,
      49
    ],
    "prediction_loss": [
      0.18031782913021743,
      0.1568294819444418,
      0.14895268878899515,
      0.14586102194152772,
      0.1446193060837686,
      0.1414170479401946,
      0.14454608666710556,
      0.1445441679097712,
      0.14288851083256304,
      0.14403236052021384,
      0.14264192339032888,
      0.14382446417585015,
      0.1436982408631593,
      0.13981460756622255,
      0.14110744674690068,
      0.13644713652320206,
      0.13710122811608016,
      0.1381747368723154,
      0.1418644469231367,
      0.14356462401337922,
      0.13808726775459945,
      0.1395720369182527,
      0.13606726215220988,
      0.1392957440111786,
      0.14082494284957647,
      0.13823787029832602,
      0.13817219156771898,
      0.14009970659390092,
      0.13920069066807628,
      0.14340599440038204,
      0.13944267574697733,
      0.13789887353777885,
      0.14109057770110667,
      0.14219854772090912,
      0.14019152335822582,
      0.14232998248189688,
      0.1409277906641364,
      0.13830750342458487,
      0.1371544727589935,
      0.13957353308796883,
      0.13620114116929471,
      0.13872016384266317,
      0.13821710017509758,
      0.14460317650809884,
      0.13583382428623736,
      0.14014565222896636,
      0.14096273388713598,
      0.13861180492676795,
      0.13745436095632613,
      0.1365080950781703
    ],
    "counterfactual_loss": [
      0.018498186159376928,
      0.02521624733981298,
      0.03140642774906155,
      0.031422656727954745,
      0.02156083881527593,
      0.022860352913994575,
      0.021852188960110652,
      0.02285503577786585,
      0.033576274729966826,
      0.026343273755628616,
      0.028876797886823624,
      0.02893932985898573,
      0.03571557918530743,
      0.015584850540108164,
      0.022417961958126398,
      0.023407560654959525,
      0.026806822257640306,
      0.02282173084313399,
      0.023949533886479912,
      0.022945448799873702,
      0.01660526695968656,
      0.020427314237167593,
      0.022176493192091584,
      0.015610721267876215,
      0.025374137458129553,
      0.020716403946607898,
      0.013631235577122425,
      0.021837238491571043,
      0.01455220232173815,
      0.015526375525951153,
      0.02228355129227566,
      0.02382366475831077,
      0.022155138350626657,
      0.018117171957783285,
      0.019958407181093207,
      0.02772143518075154,
      0.03143129186719307,
      0.018283062444425013,
      0.010769802608592727,
      0.02311088865462807,
      0.020545104820484994,
      0.014638399490536358,
      0.016605142165644793,
      0.014451012471454305,
      0.02241335781855014,
      0.01845857419721142,
      0.031008374359203117,
      0.02031191304376989,
      0.01970318671737914,
      0.018865881408601126
    ],
    "traditional_cf_loss": [],
    "cf_structure_loss": [],
    "cf_consistency_loss": [],
    "structure_loss": [
      1.3005112614482641,
      0.941030035726726,
      0.8695104792714119,
      0.9283301094546914,
      0.8658301644027233,
      0.6317735556513071,
      0.6225446602329612,
      0.5645904843695462,
      0.5798706733621657,
      0.516371600329876,
      0.5865934602916241,
      0.5368672963231802,
      0.43255746318027377,
      0.4297040421515703,
      0.464552728459239,
      0.4541130131110549,
      0.3856554180383682,
      0.4310580757446587,
      0.5107109425589442,
      0.37224001809954643,
      0.4190904819406569,
      0.42478911858052015,
      0.3862538244575262,
      0.33516919845715165,
      0.38153335358947515,
      0.35794887226074934,
      0.3743817466311157,
      0.3371183192357421,
      0.3372192420065403,
      0.30466289818286896,
      0.36635942570865154,
      0.27633267268538475,
      0.3597623100504279,
      0.36079243663698435,
      0.2784907426685095,
      0.32310165651142597,
      0.3398947878740728,
      0.32380469469353557,
      0.3357150638476014,
      0.3217270188033581,
      0.2941846288740635,
      0.30922567704692483,
      0.3392733121290803,
      0.29211972700431943,
      0.27065566880628467,
      0.3181635267101228,
      0.2733614295721054,
      0.28281216183677316,
      0.264058506116271,
      0.2508900030516088
    ],
    "causal_violation_penalty": [
      1.3406044686803398e-05,
      1.2989042048161537e-05,
      1.724233482747195e-05,
      2.7655238483248468e-05,
      4.4487878938070935e-05,
      4.574935775281119e-05,
      5.4473534135013324e-05,
      7.110722881975562e-05,
      5.54295804136018e-05,
      6.728362930630283e-05,
      6.892644438494244e-05,
      8.33269398867742e-05,
      6.36515867995513e-05,
      6.279318563429115e-05,
      5.8326205305547774e-05,
      7.250490222077133e-05,
      6.362910033885782e-05,
      6.299569156453799e-05,
      6.439646222133888e-05,
      7.103182605305847e-05,
      5.435758185967643e-05,
      6.714666795915036e-05,
      6.618695664428742e-05,
      6.920469064652934e-05,
      6.220162811132468e-05,
      6.066321645903372e-05,
      7.380208825225054e-05,
      7.132887651550845e-05,
      6.994730705400798e-05,
      6.204591028335926e-05,
      6.015028590411475e-05,
      7.044521066745801e-05,
      6.340185166209267e-05,
      5.7533398148734705e-05,
      6.173059892944366e-05,
      5.6530569708002076e-05,
      6.182821897482427e-05,
      7.193690663598318e-05,
      6.582014742662068e-05,
      6.111676938758137e-05,
      6.141102480228255e-05,
      5.768633218394825e-05,
      6.84384279452388e-05,
      7.59525151465823e-05,
      5.929592896336544e-05,
      5.793401840037404e-05,
      5.932455985657725e-05,
      6.409503603777011e-05,
      5.9036050345184776e-05,
      6.587378157973944e-05
    ],
    "total_loss": [
      0.32888054801151156,
      0.2761617242358625,
      0.26732740830630064,
      0.27014434477314353,
      0.25280765164643526,
      0.22750050714239478,
      0.22870721900835633,
      0.22392936050891876,
      0.2345072841271758,
      0.22208007844164968,
      0.2302469969727099,
      0.22653385228477418,
      0.2227332175243646,
      0.19843265786767006,
      0.21003900980576873,
      0.20533850323408842,
      0.2025372216012329,
      0.20416527101770043,
      0.21694947313517332,
      0.2038051059935242,
      0.1966559407301247,
      0.20254540932364762,
      0.19693532842211425,
      0.1884925882332027,
      0.20441461936570704,
      0.1948098256252706,
      0.18931540218181908,
      0.19572010706178844,
      0.1875447651837021,
      0.1894607087597251,
      0.19842232041992247,
      0.18942624935880303,
      0.19928534934297204,
      0.19645249750465155,
      0.18806073418818414,
      0.20241811498999596,
      0.20641038939356804,
      0.18904297263361514,
      0.18156160321086645,
      0.19491824065335095,
      0.18622612138278782,
      0.18433881690725684,
      0.18881801143288612,
      0.188342115143314,
      0.1853720429353416,
      0.1904785146471113,
      0.19936657813377678,
      0.1872690301388502,
      0.183622432872653,
      0.18052885052748024
    ],