{
  "training_history": {
    "epoch": [
      0,
      1,
      2,
      3,
      4,
      5,
      6,
      7,
      8,
      9,
      10,
      11,
      12,
      13,
      14,
      15,
      16,
      17,
      18,
      19,
      20,
      21,
      22,
      23,
      24,
      25,
      26,
      27,
      28,
      29
    ],
    "prediction_loss": [
      0.16469788388349116,
      0.13992932508699596,
      0.1166543853469193,
      0.11620409227907658,
      0.1145452072378248,
      0.11777041526511312,
      0.11478077014908195,
      0.11277387308655307,
      0.11299381917342544,
      0.11415504827164114,
      0.1173020584974438,
      0.11446134489960968,
      0.1144064690452069,
      0.11591927031986415,
      0.11469396168831736,
      0.11185614205896854,
      0.11345675075426698,
      0.1171755661489442,
      0.11656463914550841,
      0.11886530695483088,
      0.11927013495005667,
      0.11049133911728859,
      0.11244423873722553,
      0.11413638340309262,
      0.11675938684493303,
      0.11844829563051462,
      0.11090923903975636,
      0.12021876219660044,
      0.1170627805404365,
      0.11212621151935309
    ],
    "counterfactual_loss": [
      0.0,
      0.0,
      0.0,
      0.0,
      0.0,
      0.0,
      0.0,
      0.0,
      0.0,
      0.0,
      0.0,
      0.0,
      0.0,
      0.0,
      0.0,
      0.0,
      0.0,
      0.0,
      0.0,
      0.0,
      0.0,
      0.0,
      0.0,
      0.0,
      0.0,
      0.0,
      0.0,
      0.0,
      0.0,
      0.0
    ],
    "structure_loss": [
      1.179224906489253,
      0.9595791464671493,
      0.8964108228683472,
      0.8337019607424736,
      0.7717796508222818,
      0.6902040466666222,
      0.6530115809291601,
      0.626274548470974,
      0.5648513361811638,
      0.5455327089875937,
      0.43858580756932497,
      0.43091920344159007,
      0.4095099573023617,
      0.4547100681811571,
      0.39315597619861364,
      0.43611486069858074,
      0.4273936990648508,
      0.42642848985269666,
      0.3141585816629231,
      0.3602066491730511,
      0.3606216963380575,
      0.35800383938476443,
      0.34439997375011444,
      0.3722630147822201,
      0.35043207043781877,
      0.3165339329279959,
      0.36210971185937524,
      0.37084767827764153,
      0.33345511788502336,
      0.39726513158529997
    ],
    "total_loss": [
      0.28262037923559546,
      0.23588724015280604,
      0.20629546977579594,
      0.19957429077476263,
      0.19172317255288363,
      0.1867908206768334,
      0.18008192954584956,
      0.17540132836438715,
      0.16947895381599665,
      0.16870831977576017,
      0.16116064204834402,
      0.1575532655697316,
      0.15535746491514146,
      0.16139027709141374,
      0.1540095591917634,
      0.15546762896701694,
      0.15619612042792141,
      0.15981841692700982,
      0.1479804990813136,
      0.15488597261719406,
      0.1553323057014495,
      0.14629172370769083,
      0.14688423764891922,
      0.15136268618516624,
      0.15180259523913264,
      0.1501016893889755,
      0.1471202103421092,
      0.15730353072285652,
      0.15040829218924046,
      0.15185272553935647
    ],
    "intervention_rate": [
      0.13671875,
      0.13671875,
      0.13671875,
      0.13671875,
      0.13671875,
      0.13671875,
      0.13671875,
      0.13671875,
      0.13671875,
      0.13671875,
      0.13671875,
      0.13671875,
      0.13671875,
      0.13671875,
      0.13671875,
      0.13671875,
      0.13671875,
      0.13671875,
      0.13671875,
      0.13671875,
      0.13671875,
      0.13671875,
      0.13671875,
      0.13671875,
      0.13671875,
      0.13671875,
      0.13671875,
      0.13671875,
      0.13671875,
      0.13671875
    ],
    "gradient_norms": [
      0.18490870907311738,
      0.2161256264365099,
      0.17193357269564888,
      0.19819254133166717,
      0.18243679057872533,
      0.18945700675676933,
      0.1776769319395672,
      0.17327823209400142,
      0.17973204980616406,
      0.19902273300784584,
      0.1929263430444097,
      0.20417368603719363,
      0.17431110385401266,
      0.1972833085205716,
      0.1844920409861616,
      0.17481081125596556,
      0.15553811927515984,
      0.19099666471928609,
      0.19623867071357784,
      0.19783335922353298,
      0.20848520816793345,
      0.2045173097794402,
      0.18054110406048376,
      0.1780525486807092,
      0.17609151069161014,
      0.17765368324436825,
      0.18222501028645227,
      0.17951463563524578,
      0.21059996068100278,
      0.19745676659698982
    ],
    "structure_accuracy": [
      0.40431547619047625,
      0.4171130952380952,
      0.3537202380952381,
      0.37440476190476196,
      0.3502976190476191,
      0.36369047619047623,
      0.3438988095238096,
      0.2742559523809524,
      0.3398809523809524,
      0.3770833333333334,
      0.38125,
      0.3428571428571429,
      0.3599702380952382,
      0.2626488095238096,
      0.27604166666666663,
      0.4882440476190477,
      0.25416666666666665,
      0.29821428571428577,
      0.31875000000000003,
      0.3708333333333334,
      0.20505952380952383,
      0.22291666666666668,
      0.2520833333333333,
      0.3245535714285714,
      0.36874999999999997,
      0.36979166666666663,
      0.33556547619047616,
      0.32514880952380953,
      0.27708333333333335,
      0.20625000000000002
    ],
    "counterfactual_accuracy": [
      0.04242355492897332,
      0.12669978849589825,
      0.1983538290951401,
      0.18583263701293617,
      0.2024035780923441,
      0.22883674770127982,
      0.2289817495038733,
      0.25413827295415103,
      0.24895591847598553,
      0.21513834851793945,
      0.23289534775540233,
      0.2360609753523022,
      0.25914915231987834,
      0.1968250924255699,
      0.24468911963049322,
      0.34385506296530366,
      0.19993544346652925,
      0.249117765808478,
      0.2451366842724383,
      0.1901970561593771,
      0.20603790739551187,
      0.2591918050311506,
      0.21735968231223524,
      0.19679528381675482,
      0.19965177087578923,
      0.19337313016876578,
      0.17854111653286964,
      0.18555341323371977,
      0.22163123963400722,
      0.22913102363236248
    ]
  },
  "ablation_config": {
    "enable_interventions": true,
    "enable_gradient_blocking": true,
    "enable_dynamic_rewiring": false,
    "enable_structure_learning": true,
    "enable_gradient_surgery": true
  },
  "final_metrics": {
    "train_loss": 0.15185272553935647,
    "test_loss": 0.11238097003661096,
    "structure_accuracy": 0.20625000000000002,
    "counterfactual_accuracy": 0.22913102363236248
  }
}