{
  "training_history": {
    "epoch": [
      0,
      1,
      2,
      3,
      4,
      5,
      6,
      7,
      8,
      9,
      10,
      11,
      12,
      13,
      14,
      15,
      16,
      17,
      18,
      19,
      20,
      21,
      22,
      23,
      24,
      25
    ],
    "prediction_loss": [
      0.04851875780150294,
      0.024812065312289633,
      0.019107923231786117,
      0.019179141731001437,
      0.019444511708570644,
      0.018537490017479286,
      0.017456710804253817,
      0.01901607753825374,
      0.01887105862260796,
      0.019624893058789894,
      0.018133597244741395,
      0.018466550405719317,
      0.019045063585508615,
      0.01974867974058725,
      0.018887311627622694,
      0.018362447008257732,
      0.020622891606763005,
      0.017648387962253764,
      0.01712190010584891,
      0.018271215492859483,
      0.019306155358208343,
      0.01799900073092431,
      0.018188905232818797,
      0.018429064220981672,
      0.018399189691990614,
      0.018404500995529816
    ],
    "counterfactual_loss": [
      0.0,
      0.0,
      0.0,
      0.0,
      0.0,
      0.0,
      0.0,
      0.0,
      0.0,
      0.0,
      0.0,
      0.0,
      0.0,
      0.0,
      0.0,
      0.0,
      0.0,
      0.0,
      0.0,
      0.0,
      0.0,
      0.0,
      0.0,
      0.0,
      0.0,
      0.0
    ],
    "structure_loss": [
      1.0536634987220168,
      0.9178250152617693,
      0.7917679799720645,
      0.7312967153266072,
      0.6821911074221134,
      0.5754594393074512,
      0.503799557685852,
      0.4606991079635918,
      0.45762124517932534,
      0.3861920959316194,
      0.40152673656120896,
      0.36416150117293,
      0.32923255139030516,
      0.3494067674037069,
      0.37624555360525846,
      0.25375015824101865,
      0.39572497457265854,
      0.32609334820881486,
      0.2546999668702483,
      0.2834042594768107,
      0.266179664991796,
      0.29010682343505323,
      0.3206263966858387,
      0.29662558576092124,
      0.30732875131070614,
      0.28627929417416453
    ],
    "total_loss": [
      0.15388510946650058,
      0.11659456603229046,
      0.09828472335357219,
      0.09230881545227021,
      0.08766362350434065,
      0.07608343474566936,
      0.06783666857518256,
      0.0650859895395115,
      0.06463318376336247,
      0.058244103915058076,
      0.05828627134906128,
      0.054882700846064836,
      0.05196831974899396,
      0.05468935740645975,
      0.056511868082452565,
      0.043737463653087616,
      0.06019538966938853,
      0.050257723254617304,
      0.04259189689764753,
      0.046611641824711114,
      0.04592412221245468,
      0.04700968391261995,
      0.05025154520990327,
      0.0480916234664619,
      0.04913206514902413,
      0.04703243094263598
    ],
    "intervention_rate": [
      0.13671875,
      0.13671875,
      0.13671875,
      0.13671875,
      0.13671875,
      0.13671875,
      0.13671875,
      0.13671875,
      0.13671875,
      0.13671875,
      0.13671875,
      0.13671875,
      0.13671875,
      0.13671875,
      0.13671875,
      0.13671875,
      0.13671875,
      0.13671875,
      0.13671875,
      0.13671875,
      0.13671875,
      0.13671875,
      0.13671875,
      0.13671875,
      0.13671875,
      0.13671875
    ],
    "gradient_norms": [
      0.14867610688849456,
      0.12896892350529804,
      0.08903942846322148,
      0.09058714391035726,
      0.09355661221291009,
      0.08666820066372562,
      0.07578907482234236,
      0.0709940932944267,
      0.08662671651546722,
      0.08869657843436352,
      0.08523250799890754,
      0.07491392643165438,
      0.091827278000359,
      0.08609530556811307,
      0.08040710950247086,
      0.0751564933511806,
      0.08537862177348622,
      0.07472025930099199,
      0.06410016455279056,
      0.0716324417402834,
      0.07200046272213406,
      0.07491341794520545,
      0.07423517626451931,
      0.07630787014687633,
      0.07478883117960573,
      0.06859598249259997
    ],
    "structure_accuracy": [
      0.33333333333333337,
      0.5,
      0.6666666666666667,
      0.6666666666666667,
      0.0,
      0.0,
      0.0,
      0.0,
      0.0,
      0.0,
      0.0,
      0.0,
      0.0,
      0.0,
      0.0,
      0.0,
      0.0,
      0.0,
      0.0,
      0.0,
      0.0,
      0.0,
      0.0,
      0.0,
      0.0,
      0.0
    ],
    "counterfactual_accuracy": [
      0.07519032771233469,
      0.17606057145167142,
      0.2159800964873284,
      0.15390528365969658,
      0.1850868056062609,
      0.14988005417399108,
      0.14542563864961267,
      0.1946491035632789,
      0.16005465027410537,
      0.1615758074913174,
      0.18501425115391612,
      0.1745373773155734,
      0.20756473822984844,
      0.1679214007453993,
      0.18409812287427485,
      0.14907661464530975,
      0.16684444551356137,
      0.17704236647114158,
      0.19030693173408508,
      0.15944462292827666,
      0.20698441029526293,
      0.19333548436407,
      0.1959751007379964,
      0.17929879622533917,
      0.23140764562413096,
      0.21647375193424523
    ]
  },
  "ablation_config": {
    "enable_interventions": true,
    "enable_gradient_blocking": true,
    "enable_dynamic_rewiring": true,
    "enable_structure_learning": true,
    "enable_gradient_surgery": true
  },
  "final_metrics": {
    "train_loss": 0.04703243094263598,
    "test_loss": 0.01938125326705631,
    "structure_accuracy": 0.0,
    "counterfactual_accuracy": 0.21647375193424523
  }
}