{
  "training_history": {
    "epoch": [
      0,
      1,
      2,
      3,
      4,
      5,
      6,
      7,
      8,
      9,
      10,
      11,
      12,
      13,
      14,
      15,
      16,
      17,
      18,
      19,
      20
    ],
    "prediction_loss": [
      0.06741452147252858,
      0.06815584527794272,
      0.06792535888962448,
      0.06727983109885827,
      0.0682002236135304,
      0.06784628867171705,
      0.069567910162732,
      0.0677837977418676,
      0.06795489217620343,
      0.06824928661808372,
      0.06722729653120041,
      0.06861615879461169,
      0.06930746301077306,
      0.06820374680683017,
      0.06888061913195997,
      0.06759735755622387,
      0.06755839858669788,
      0.06798063404858112,
      0.06775786017533392,
      0.06781327479984611,
      0.06909080490004271
    ],
    "counterfactual_loss": [
      0.024828161345794797,
      0.020887266291538253,
      0.018028730060905218,
      0.01642934521078132,
      0.016236132418271154,
      0.018037477129837498,
      0.016122602944960818,
      0.024662285490194336,
      0.022435227932874113,
      0.026463055721251294,
      0.01632561587030068,
      0.02134415745967999,
      0.017480581562267616,
      0.01991082780295983,
      0.022831869107903913,
      0.030429719015955925,
      0.020689664204837754,
      0.023829997575376183,
      0.01810293531161733,
      0.01613949242164381,
      0.021456244576256722
    ],
    "traditional_cf_loss": [],
    "cf_structure_loss": [],
    "cf_consistency_loss": [],
    "structure_loss": [
      1.059929103590548,
      0.8915595123544335,
      0.8989293277263641,
      0.6976731503382325,
      0.7671237541362643,
      0.6332309916615486,
      0.6347940387204289,
      0.5470290486700833,
      0.49731138767674565,
      0.3979282649233937,
      0.40867640683427453,
      0.37059068586677313,
      0.41099873930215836,
      0.36664668284356594,
      0.3581881155259907,
      0.32577016996219754,
      0.28855082602240145,
      0.3308080544229597,
      0.29032335337251425,
      0.2740018027834594,
      0.29652599757537246
    ],
    "causal_violation_penalty": [
      0.0,
      0.0,
      0.0,
      0.0,
      0.0,
      0.0,
      0.0,
      0.0,
      0.0,
      0.0,
      0.0,
      0.0,
      0.0,
      0.0,
      0.0,
      0.0,
      0.0,
      0.0,
      0.0,
      0.0,
      0.0
    ],
    "total_loss": [
      0.19823559653013945,
      0.17819906468503177,
      0.17584702372550964,
      0.15347649296745658,
      0.16114873136393726,
      0.14920686627738178,
      0.1491699165198952,
      0.1471489886753261,
      0.14012126065790653,
      0.1345051690004766,
      0.1244205548427999,
      0.12701938580721617,
      0.1278879214078188,
      0.12477924418635666,
      0.1275312991347164,
      0.13060409401077777,
      0.11710314732044935,
      0.12489143619313836,
      0.11489313060883433,
      0.11135294812265784,
      0.12019965052604675
    ],
    "intervention_rate": [
      0.13671875,
      0.13671875,
      0.13671875,
      0.13671875,
      0.13671875,
      0.13671875,
      0.13671875,
      0.13671875,
      0.13671875,
      0.13671875,
      0.13671875,
      0.13671875,
      0.13671875,
      0.13671875,
      0.13671875,
      0.13671875,
      0.13671875,
      0.13671875,
      0.13671875,
      0.13671875,
      0.13671875
    ],
    "gradient_norms": [
      0.0867768268012007,
      0.07046225643316559,
      0.07244653072138367,
      0.058954350334454446,
      0.06700976243612453,
      0.05827750253992196,
      0.06179485817002205,
      0.05557788095162634,
      0.053450612640469346,
      0.04625875766397909,
      0.04529955762308619,
      0.04357064282247774,
      0.045857521037662066,
      0.04284811385774044,
      0.041040261868696,
      0.04057368313377427,
      0.03592715849333859,
      0.0422189268422648,
      0.036519308665971556,
      0.03537299742568562,
      0.03675304534015255
    ],
    "structure_accuracy": [
      1.0,
      1.0,
      1.0,
      1.0,
      1.0,
      1.0,
      1.0,
      1.0,
      1.0,
      1.0,
      1.0,
      1.0,
      1.0,
      1.0,
      1.0,
      1.0,
      1.0,
      1.0,
      1.0,
      1.0,
      1.0
    ],
    "counterfactual_accuracy": [
      0.0,
      0.0,
      0.0,
      0.0,
      0.0,
      0.0,
      0.0,
      0.0,
      0.0,
      0.0,
      0.0,
      0.0,
      0.0,
      0.0,
      0.0,
      0.0,
      0.0,
      0.0,
      0.0,
      0.0,
      0.0
    ]
  },
  "ablation_config": {
    "enable_interventions": true,
    "enable_gradient_blocking": true,
    "enable_dynamic_rewiring": true,
    "enable_structure_learning": true,
    "enable_gradient_surgery": true
  },
  "final_metrics": {
    "train_loss": 0.12019965052604675,
    "test_loss": 0.06767892756033689,
    "structure_accuracy": 1.0,
    "counterfactual_accuracy": 0.0
  }
}