{
  "training_history": {
    "epoch": [
      0,
      1,
      2,
      3,
      4,
      5,
      6,
      7,
      8,
      9,
      10,
      11,
      12,
      13,
      14,
      15,
      16,
      17,
      18,
      19,
      20
    ],
    "prediction_loss": [
      0.17750660446472466,
      0.17871247045695782,
      0.1750304657034576,
      0.1796688933391124,
      0.1736661234172061,
      0.1742009522859007,
      0.178620096296072,
      0.17989781289361417,
      0.17614476126618683,
      0.1754472409375012,
      0.17661207588389516,
      0.17491868161596358,
      0.17791044665500522,
      0.17629659175872803,
      0.17639745958149433,
      0.17623176518827677,
      0.17414956260472536,
      0.1744685536250472,
      0.1782802443485707,
      0.17385463556274772,
      0.17739068157970905
    ],
    "counterfactual_loss": [
      0.0436210767115881,
      0.02871693258191499,
      0.06279603943078527,
      0.052491885297058616,
      0.04567461890474078,
      0.057004941849072566,
      0.04809920344462171,
      0.03639602418797949,
      0.04121858090184105,
      0.05323894379489502,
      0.06427661977431853,
      0.041778939396806436,
      0.02890224675911668,
      0.05323545316059608,
      0.03634805936159946,
      0.027931852330652873,
      0.04383631531413812,
      0.04880598361705779,
      0.037577943020238536,
      0.03264372275111782,
      0.03407865138433408
    ],
    "traditional_cf_loss": [],
    "cf_structure_loss": [],
    "cf_consistency_loss": [],
    "structure_loss": [
      1.088444260880351,
      0.9673516629263759,
      0.8361689653247595,
      0.8263002568855882,
      0.7302474239841104,
      0.6471926951780915,
      0.5740456199273467,
      0.6189590580761433,
      0.5417077848687768,
      0.5109734567813575,
      0.5124520664103329,
      0.48776796786114573,
      0.3879592549055815,
      0.407423107419163,
      0.4588524913415313,
      0.43427902460098267,
      0.3699175678193569,
      0.33891169913113117,
      0.4952655383385718,
      0.406020890455693,
      0.40445216512307525
    ],
    "causal_violation_penalty": [
      7.19950867278385e-06,
      0.0,
      0.0,
      0.0,
      0.0,
      0.0,
      0.0,
      0.0,
      0.0,
      0.0,
      0.0,
      0.0,
      0.0,
      0.0,
      0.0,
      0.0,
      0.0,
      0.0,
      0.0,
      0.0,
      0.0
    ],
    "total_loss": [
      0.3299793116748333,
      0.30416457168757915,
      0.3214434003457427,
      0.3147908071987331,
      0.29236548440530896,
      0.2959251655265689,
      0.28412386355921626,
      0.2781897420063615,
      0.27153411926701665,
      0.27978352829813957,
      0.2921339045278728,
      0.26547441771253943,
      0.24560861848294735,
      0.27027435787022114,
      0.2586307665333152,
      0.2475915215909481,
      0.2549776388332248,
      0.25716570811346173,
      0.2653847439214587,
      0.24710044683888555,
      0.2519145496189594
    ],
    "intervention_rate": [
      0.13671875,
      0.13671875,
      0.13671875,
      0.13671875,
      0.13671875,
      0.13671875,
      0.13671875,
      0.13671875,
      0.13671875,
      0.13671875,
      0.13671875,
      0.13671875,
      0.13671875,
      0.13671875,
      0.13671875,
      0.13671875,
      0.13671875,
      0.13671875,
      0.13671875,
      0.13671875,
      0.13671875
    ],
    "gradient_norms": [
      0.12585788289184535,
      0.09684815292732354,
      0.1364485583106947,
      0.12017074091522012,
      0.10844146687195003,
      0.11154635729141649,
      0.10714616653739914,
      0.09324032034009193,
      0.0872518233484614,
      0.11034211608137584,
      0.12617954947629248,
      0.09016776788098774,
      0.069500839369926,
      0.10313315630961237,
      0.08015508210109054,
      0.06487447188464615,
      0.09478073812731588,
      0.08284097024942241,
      0.08801922203664866,
      0.06803094757524879,
      0.07012170399779365
    ],
    "structure_accuracy": [
      0.5,
      0.5,
      0.5,
      0.5,
      0.5,
      0.5,
      0.5,
      0.5,
      0.5,
      0.5,
      0.5,
      0.5,
      0.5,
      0.5,
      0.5,
      0.5,
      0.5,
      0.5,
      0.5,
      0.5,
      0.5
    ],
    "counterfactual_accuracy": [
      0.0,
      0.0,
      0.0,
      0.0,
      0.0,
      0.0,
      0.0,
      0.0,
      0.0,
      0.0,
      0.0,
      0.0,
      0.0,
      0.0,
      0.0,
      0.0,
      0.0,
      0.0,
      0.0,
      0.0,
      0.0
    ]
  },
  "ablation_config": {
    "enable_interventions": true,
    "enable_gradient_blocking": true,
    "enable_dynamic_rewiring": true,
    "enable_structure_learning": true,
    "enable_gradient_surgery": false
  },
  "final_metrics": {
    "train_loss": 0.2519145496189594,
    "test_loss": 0.17661779304035008,
    "structure_accuracy": 0.5,
    "counterfactual_accuracy": 0.0
  }
}