{
  "training_history": {
    "epoch": [
      0,
      1,
      2,
      3,
      4,
      5,
      6,
      7,
      8,
      9,
      10,
      11,
      12,
      13,
      14,
      15,
      16,
      17,
      18,
      19,
      20
    ],
    "prediction_loss": [
      0.06741452147252858,
      0.06815584527794272,
      0.06792535888962448,
      0.06727983109885827,
      0.0682002236135304,
      0.06784628867171705,
      0.069567910162732,
      0.0677837977418676,
      0.06795489217620343,
      0.06824928661808372,
      0.06722729653120041,
      0.06861615879461169,
      0.06930746301077306,
      0.06820374680683017,
      0.06888061913195997,
      0.06759735755622387,
      0.06755839858669788,
      0.06798063404858112,
      0.06775786017533392,
      0.06781327479984611,
      0.06909080490004271
    ],
    "counterfactual_loss": [
      0.024828161345794797,
      0.020887266291538253,
      0.018028730060905218,
      0.01642934521078132,
      0.016236132418271154,
      0.018037477129837498,
      0.016122602944960818,
      0.024662285490194336,
      0.022435227932874113,
      0.026463055721251294,
      0.01632561587030068,
      0.02134415745967999,
      0.017480581562267616,
      0.01991082780295983,
      0.022831869107903913,
      0.030429719015955925,
      0.020689664204837754,
      0.023829997575376183,
      0.01810293531161733,
      0.01613949242164381,
      0.021456244576256722
    ],
    "traditional_cf_loss": [],
    "cf_structure_loss": [],
    "cf_consistency_loss": [],
    "structure_loss": [
      1.0048147104680538,
      0.8544336380437016,
      0.8656023815274239,
      0.6879812814295292,
      0.7684688065201044,
      0.6414108332246542,
      0.6542443670332432,
      0.5703387223184109,
      0.5253744386136532,
      0.4048065198585391,
      0.4131842073984444,
      0.38009203178808093,
      0.41824768111109734,
      0.363169054267928,
      0.35032148752361536,
      0.326339618768543,
      0.2855438254773617,
      0.32036011293530464,
      0.2965387273579836,
      0.2662831072229892,
      0.301986770471558
    ],
    "causal_violation_penalty": [
      0.0,
      0.0,
      0.0,
      0.0,
      0.0,
      0.0,
      0.0,
      0.0,
      0.0,
      0.0,
      0.0,
      0.0,
      0.0,
      0.0,
      0.0,
      0.0,
      0.0,
      0.0,
      0.0,
      0.0,
      0.0
    ],
    "total_loss": [
      0.19272415689192712,
      0.17448648088611662,
      0.17251432896591723,
      0.15250730514526367,
      0.1612832380924374,
      0.1500248487573117,
      0.1511149511206895,
      0.14947995683178306,
      0.1429275651462376,
      0.13519299402832985,
      0.12487133336253464,
      0.1279695206321776,
      0.12861281423829496,
      0.12443148135207593,
      0.12674463773146272,
      0.1306610405445099,
      0.11680244584567845,
      0.12384664313867688,
      0.11551466875243932,
      0.11058107926510274,
      0.12074572802521288
    ],
    "intervention_rate": [
      0.13671875,
      0.13671875,
      0.13671875,
      0.13671875,
      0.13671875,
      0.13671875,
      0.13671875,
      0.13671875,
      0.13671875,
      0.13671875,
      0.13671875,
      0.13671875,
      0.13671875,
      0.13671875,
      0.13671875,
      0.13671875,
      0.13671875,
      0.13671875,
      0.13671875,
      0.13671875,
      0.13671875
    ],
    "gradient_norms": [
      0.07492416672477623,
      0.06276083753701463,
      0.06367945481589447,
      0.05286078539113857,
      0.06224884629363074,
      0.053910795881761404,
      0.059140942022129085,
      0.054735644308858786,
      0.05503924994283208,
      0.045871685280560036,
      0.046273465305816774,
      0.0441148417817166,
      0.046911716966337086,
      0.04390085355845425,
      0.040240825040398914,
      0.041750442017643316,
      0.03692865386758691,
      0.04230656452717152,
      0.03801889947220828,
      0.03483693029708106,
      0.03791632567229066
    ],
    "structure_accuracy": [
      1.0,
      1.0,
      1.0,
      1.0,
      1.0,
      1.0,
      1.0,
      1.0,
      1.0,
      1.0,
      1.0,
      1.0,
      1.0,
      1.0,
      1.0,
      1.0,
      1.0,
      1.0,
      1.0,
      1.0,
      1.0
    ],
    "counterfactual_accuracy": [
      0.0,
      0.0,
      0.0,
      0.0,
      0.0,
      0.0,
      0.0,
      0.0,
      0.0,
      0.0,
      0.0,
      0.0,
      0.0,
      0.0,
      0.0,
      0.0,
      0.0,
      0.0,
      0.0,
      0.0,
      0.0
    ]
  },
  "ablation_config": {
    "enable_interventions": true,
    "enable_gradient_blocking": true,
    "enable_dynamic_rewiring": true,
    "enable_structure_learning": true,
    "enable_gradient_surgery": true
  },
  "final_metrics": {
    "train_loss": 0.12074572802521288,
    "test_loss": 0.06767892756033689,
    "structure_accuracy": 1.0,
    "counterfactual_accuracy": 0.0
  }
}