{
  "training_history": {
    "epoch": [
      0,
      1,
      2,
      3,
      4,
      5,
      6,
      7,
      8,
      9,
      10,
      11,
      12,
      13,
      14,
      15,
      16,
      17,
      18,
      19,
      20,
      21,
      22,
      23,
      24,
      25
    ],
    "prediction_loss": [
      0.054772993782535195,
      0.033084782626247033,
      0.018938671477371827,
      0.019161036470904946,
      0.019326517649460584,
      0.018448960792738944,
      0.01737416029209271,
      0.018864210971514694,
      0.018737512815278023,
      0.01959107385482639,
      0.018107422190951183,
      0.01846719098102767,
      0.01900331347133033,
      0.019693938927957788,
      0.01886189210927114,
      0.018402117013465613,
      0.020602848700946197,
      0.017660183075349778,
      0.017112126748543233,
      0.018268229730892926,
      0.019295055215479806,
      0.01799444484640844,
      0.018180528713855892,
      0.01841702635283582,
      0.018383909220574424,
      0.01840021862881258
    ],
    "counterfactual_loss": [
      0.0,
      0.0,
      0.0,
      0.0,
      0.0,
      0.0,
      0.0,
      0.0,
      0.0,
      0.0,
      0.0,
      0.0,
      0.0,
      0.0,
      0.0,
      0.0,
      0.0,
      0.0,
      0.0,
      0.0,
      0.0,
      0.0,
      0.0,
      0.0,
      0.0,
      0.0
    ],
    "structure_loss": [
      1.2162770424038172,
      1.0680278353393078,
      0.8995397528633475,
      0.8132389849051833,
      0.7654196294024587,
      0.6426745979115367,
      0.582983878441155,
      0.51958630932495,
      0.5203289035707712,
      0.43148628110066056,
      0.42052198108285666,
      0.38254225300624967,
      0.35875981161370873,
      0.36770867835730314,
      0.3768039217684418,
      0.2577471612021327,
      0.39457896910607815,
      0.32448667334392667,
      0.26422037719748914,
      0.2862864180933684,
      0.2658279985189438,
      0.29298362392000854,
      0.32241651229560375,
      0.3008084404282272,
      0.3011571862734854,
      0.2887349366210401
    ],
    "total_loss": [
      0.1764007001183927,
      0.13988756807520986,
      0.10889264778234065,
      0.10048493673093617,
      0.09586848155595362,
      0.08271642145700753,
      0.07567254884634167,
      0.07082284265197814,
      0.07077040430158377,
      0.06273970240727067,
      0.06015962106175721,
      0.0567214164766483,
      0.05487929575610906,
      0.056464807130396366,
      0.056542284961324185,
      0.04417683376232162,
      0.06006074685137719,
      0.05010885139927268,
      0.04353416484082118,
      0.046896872110664845,
      0.045877855038270354,
      0.047292807314079255,
      0.05042218050220981,
      0.04849787044804543,
      0.04849962855223566,
      0.0472737128729932
    ],
    "intervention_rate": [
      0.13671875,
      0.13671875,
      0.13671875,
      0.13671875,
      0.13671875,
      0.13671875,
      0.13671875,
      0.13671875,
      0.13671875,
      0.13671875,
      0.13671875,
      0.13671875,
      0.13671875,
      0.13671875,
      0.13671875,
      0.13671875,
      0.13671875,
      0.13671875,
      0.13671875,
      0.13671875,
      0.13671875,
      0.13671875,
      0.13671875,
      0.13671875,
      0.13671875,
      0.13671875
    ],
    "gradient_norms": [
      0.14976665603465544,
      0.15507020285932674,
      0.09761490674763815,
      0.09633401931004698,
      0.09799678921859356,
      0.09013852042357756,
      0.08031787249199941,
      0.0736175211015542,
      0.08899589853887518,
      0.09013800871356993,
      0.08515538609508584,
      0.07467729086025089,
      0.09168867900120095,
      0.08638265486214941,
      0.07935428572413257,
      0.07446358805736007,
      0.08494847246357445,
      0.07362990045094456,
      0.06449677359294076,
      0.07220977553332299,
      0.07150873041366232,
      0.07500564206632479,
      0.0736822052162031,
      0.07688153389432291,
      0.0741792682146945,
      0.06857483857992071
    ],
    "structure_accuracy": [
      0.0,
      0.0,
      0.0,
      0.0,
      0.0,
      0.0,
      0.0,
      0.0,
      0.0,
      0.0,
      0.0,
      0.0,
      0.0,
      0.0,
      0.0,
      0.0,
      0.0,
      0.0,
      0.0,
      0.0,
      0.0,
      0.0,
      0.0,
      0.0,
      0.0,
      0.0
    ],
    "counterfactual_accuracy": [
      0.0466139514464885,
      0.1402689111419022,
      0.22347121394705027,
      0.15385567536577582,
      0.19300359417684376,
      0.1493031531572342,
      0.15005360974464566,
      0.19696637417655438,
      0.16462588403373957,
      0.16283288574777544,
      0.1856923634186387,
      0.17503898858558387,
      0.2094643668970093,
      0.16913486062549055,
      0.18518871546257287,
      0.14879654080141336,
      0.16699289460666478,
      0.17840336775407195,
      0.19011657347436994,
      0.15902234497480094,
      0.20748062245547771,
      0.19378557696472853,
      0.1961360163986683,
      0.17909278138540685,
      0.23145336075685918,
      0.21718963724561036
    ]
  },
  "ablation_config": {
    "enable_interventions": true,
    "enable_gradient_blocking": true,
    "enable_dynamic_rewiring": true,
    "enable_structure_learning": true,
    "enable_gradient_surgery": true
  },
  "final_metrics": {
    "train_loss": 0.0472737128729932,
    "test_loss": 0.01937930259737186,
    "structure_accuracy": 0.0,
    "counterfactual_accuracy": 0.21718963724561036
  }
}