{
  "training_history": {
    "epoch": [
      0,
      1,
      2,
      3,
      4,
      5,
      6,
      7,
      8,
      9,
      10,
      11,
      12,
      13,
      14,
      15,
      16,
      17,
      18,
      19,
      20
    ],
    "prediction_loss": [
      0.06741452147252858,
      0.06815584527794272,
      0.06792535888962448,
      0.06727983109885827,
      0.0682002236135304,
      0.06784628867171705,
      0.069567910162732,
      0.0677837977418676,
      0.06795489217620343,
      0.06824928661808372,
      0.06722729653120041,
      0.06861615879461169,
      0.06930746301077306,
      0.06820374680683017,
      0.06888061913195997,
      0.06759735755622387,
      0.06755839858669788,
      0.06798063404858112,
      0.06775786017533392,
      0.06781327479984611,
      0.06909080490004271
    ],
    "counterfactual_loss": [
      0.024828161345794797,
      0.020887266291538253,
      0.018028730060905218,
      0.01642934521078132,
      0.016236132418271154,
      0.018037477129837498,
      0.016122602944960818,
      0.024662285490194336,
      0.022435227932874113,
      0.026463055721251294,
      0.01632561587030068,
      0.02134415745967999,
      0.017480581562267616,
      0.01991082780295983,
      0.022831869107903913,
      0.030429719015955925,
      0.020689664204837754,
      0.023829997575376183,
      0.01810293531161733,
      0.01613949242164381,
      0.021456244576256722
    ],
    "traditional_cf_loss": [],
    "cf_structure_loss": [],
    "cf_consistency_loss": [],
    "structure_loss": [
      0.9707456664182246,
      0.818578677251935,
      0.8175859274342656,
      0.6241831388324499,
      0.7140709888190031,
      0.5661041382700205,
      0.5858901110477746,
      0.5144195752218366,
      0.48642057087272406,
      0.3779150741174817,
      0.4046529522165656,
      0.37830790178850293,
      0.41802592761814594,
      0.36653620772995055,
      0.36143572395667434,
      0.33109996002167463,
      0.28315697726793587,
      0.3240885406266898,
      0.29706093575805426,
      0.26838921615853906,
      0.31026833411306143
    ],
    "causal_violation_penalty": [
      0.0,
      0.0,
      0.0,
      0.0,
      0.0,
      0.0,
      0.0,
      0.0,
      0.0,
      0.0,
      0.0,
      0.0,
      0.0,
      0.0,
      0.0,
      0.0,
      0.0,
      0.0,
      0.0,
      0.0,
      0.0
    ],
    "total_loss": [
      0.18931725108996034,
      0.17090098094195127,
      0.16771268472075462,
      0.14612749125808477,
      0.15584345674142241,
      0.14249418023973703,
      0.1442795256152749,
      0.14388804137706757,
      0.1390321784419939,
      0.1325038499198854,
      0.12401820882223547,
      0.12779110623523593,
      0.128590639680624,
      0.12476819707080722,
      0.12785606202669442,
      0.13113707466982305,
      0.11656376114115119,
      0.12421948602423072,
      0.11556688975542784,
      0.11079168901778758,
      0.1215738836908713
    ],
    "intervention_rate": [
      0.13671875,
      0.13671875,
      0.13671875,
      0.13671875,
      0.13671875,
      0.13671875,
      0.13671875,
      0.13671875,
      0.13671875,
      0.13671875,
      0.13671875,
      0.13671875,
      0.13671875,
      0.13671875,
      0.13671875,
      0.13671875,
      0.13671875,
      0.13671875,
      0.13671875,
      0.13671875,
      0.13671875
    ],
    "gradient_norms": [
      0.07729818605371139,
      0.0670366237204869,
      0.06839158543439833,
      0.05640124179335072,
      0.0674030863851625,
      0.05623249451662352,
      0.06036238282859335,
      0.05481476129618838,
      0.054094300354473594,
      0.04507487453205224,
      0.046594483045825724,
      0.04488241213297797,
      0.04703774102479082,
      0.044018772449737134,
      0.04116919324586847,
      0.041552728263871,
      0.03577588668778991,
      0.04166239962436348,
      0.03694903050419458,
      0.034380611168107936,
      0.03771983995808518
    ],
    "structure_accuracy": [
      1.0,
      1.0,
      1.0,
      1.0,
      1.0,
      1.0,
      1.0,
      1.0,
      1.0,
      1.0,
      1.0,
      1.0,
      1.0,
      1.0,
      1.0,
      1.0,
      1.0,
      1.0,
      1.0,
      1.0,
      1.0
    ],
    "counterfactual_accuracy": [
      0.0,
      0.0,
      0.0,
      0.0,
      0.0,
      0.0,
      0.0,
      0.0,
      0.0,
      0.0,
      0.0,
      0.0,
      0.0,
      0.0,
      0.0,
      0.0,
      0.0,
      0.0,
      0.0,
      0.0,
      0.0
    ]
  },
  "ablation_config": {
    "enable_interventions": true,
    "enable_gradient_blocking": true,
    "enable_dynamic_rewiring": true,
    "enable_structure_learning": true,
    "enable_gradient_surgery": true
  },
  "final_metrics": {
    "train_loss": 0.1215738836908713,
    "test_loss": 0.06767892756033689,
    "structure_accuracy": 1.0,
    "counterfactual_accuracy": 0.0
  }
}