{
  "training_history": {
    "epoch": [
      0,
      1,
      2,
      3,
      4,
      5,
      6,
      7,
      8,
      9,
      10,
      11,
      12,
      13,
      14,
      15,
      16,
      17,
      18,
      19,
      20,
      21,
      22,
      23
    ],
    "prediction_loss": [
      0.057457691815216094,
      0.03440053714439273,
      0.019461884978227317,
      0.019744102377444506,
      0.01921545568620786,
      0.018344371404964477,
      0.01758216632879339,
      0.018666911229956895,
      0.01858355733565986,
      0.019448154722340405,
      0.01821059110807255,
      0.018576702394057065,
      0.018992514989804476,
      0.019660821417346597,
      0.018862352095311508,
      0.018469134287443012,
      0.020619591989088804,
      0.017681928642559797,
      0.017126248130807653,
      0.018280389835126698,
      0.01930201315553859,
      0.018008765095146373,
      0.01818729777005501,
      0.018416592705762014
    ],
    "counterfactual_loss": [
      0.0,
      0.0,
      0.0,
      0.0,
      0.0,
      0.0,
      0.0,
      0.0,
      0.0,
      0.0,
      0.0,
      0.0,
      0.0,
      0.0,
      0.0,
      0.0,
      0.0,
      0.0,
      0.0,
      0.0,
      0.0,
      0.0,
      0.0,
      0.0
    ],
    "structure_loss": [
      1.0200079642236233,
      0.9253262924030423,
      0.7946901610121131,
      0.7270901184529066,
      0.6841633087024093,
      0.5992947416380048,
      0.5343355517834425,
      0.48770254477858543,
      0.49744069995358586,
      0.39442380191758275,
      0.403486343100667,
      0.36918022227473557,
      0.34122798359021544,
      0.3512806282378733,
      0.3699773531407118,
      0.24551452952437103,
      0.3892498626373708,
      0.3077452564612031,
      0.2556863706558943,
      0.2782178926281631,
      0.25839288835413754,
      0.2866896614432335,
      0.3194976872764528,
      0.29324576258659363
    ],
    "total_loss": [
      0.15945849055424333,
      0.12693316908553243,
      0.098930902662687,
      0.09245311468839645,
      0.08763178798835725,
      0.0782738464185968,
      0.07101572176907212,
      0.06743716646451503,
      0.06832762807607651,
      0.058890535030514,
      0.05855922633782029,
      0.055494725704193115,
      0.053115314163733274,
      0.054788884648587555,
      0.0558600882650353,
      0.04302058764733374,
      0.05954457918414846,
      0.04845645453315228,
      0.042694885516539216,
      0.04610217933077365,
      0.04514130239840597,
      0.04667773103574291,
      0.05013706744648516,
      0.04774116910994053
    ],
    "intervention_rate": [
      0.13671875,
      0.13671875,
      0.13671875,
      0.13671875,
      0.13671875,
      0.13671875,
      0.13671875,
      0.13671875,
      0.13671875,
      0.13671875,
      0.13671875,
      0.13671875,
      0.13671875,
      0.13671875,
      0.13671875,
      0.13671875,
      0.13671875,
      0.13671875,
      0.13671875,
      0.13671875,
      0.13671875,
      0.13671875,
      0.13671875,
      0.13671875
    ],
    "gradient_norms": [
      0.1465023479712617,
      0.1499501983319378,
      0.09534884803155505,
      0.09551434119040221,
      0.09667193872416355,
      0.09006918887889284,
      0.07990455245286611,
      0.07247771525985083,
      0.09029440202758704,
      0.09103838281276959,
      0.0856862954488154,
      0.07634196741387142,
      0.09436181955249305,
      0.08847162764622223,
      0.0816591622797133,
      0.07654551252028392,
      0.08758036069183961,
      0.07506535740624656,
      0.06570951841372744,
      0.07319679454912364,
      0.07334274326137913,
      0.07628935144147261,
      0.07445214701270512,
      0.07728857813812964
    ],
    "structure_accuracy": [
      0.0,
      0.0,
      0.0,
      0.0,
      0.0,
      0.0,
      0.0,
      0.0,
      0.0,
      0.0,
      0.0,
      0.0,
      0.0,
      0.0,
      0.0,
      0.0,
      0.0,
      0.0,
      0.0,
      0.0,
      0.0,
      0.0,
      0.0,
      0.0
    ],
    "counterfactual_accuracy": [
      0.04284931597067043,
      0.13426882855128497,
      0.2094637651462108,
      0.15809215744957328,
      0.20521956821903586,
      0.15095712570473552,
      0.15289261599536985,
      0.1991959905717522,
      0.16867462592199445,
      0.16227532550692558,
      0.1856637094169855,
      0.1758053422672674,
      0.21091769461054355,
      0.17119789612479508,
      0.18686365452595055,
      0.14711811929009855,
      0.16688321228139102,
      0.17848868703003973,
      0.18949592835269868,
      0.15925698028877378,
      0.2082821549847722,
      0.19422968989238143,
      0.19599522091448307,
      0.178669553832151
    ]
  },
  "ablation_config": {
    "enable_interventions": true,
    "enable_gradient_blocking": true,
    "enable_dynamic_rewiring": true,
    "enable_structure_learning": true,
    "enable_gradient_surgery": true
  },
  "final_metrics": {
    "train_loss": 0.04774116910994053,
    "test_loss": 0.01843314545112662,
    "structure_accuracy": 0.0,
    "counterfactual_accuracy": 0.178669553832151
  }
}