{
  "chain": {
    "structure": {
      "precision": 0.3333333333333333,
      "recall": 1.0,
      "f1": 0.5,
      "auc": 0.7142857142857143,
      "shd": 4,
      "edge_accuracy": 0.5555555555555556
    },
    "counterfactual": {
      "mean_intervention_effect": 0.11535943392664194,
      "std_intervention_effect": 0.10430687401489262,
      "mean_correlation": 0.7548163771629334,
      "std_correlation": 0.22247505819255117,
      "min_effect": 0.035157252103090286,
      "max_effect": 0.39271706342697144
    },
    "prediction": {
      "mse": 0.14163342118263245,
      "mae": 0.3021174967288971
    },
    "config": {
      "name": "chain",
      "type": "chain",
      "n_nodes": 4
    }
  },
  "fork": {
    "structure": {
      "precision": 0.3333333333333333,
      "recall": 1.0,
      "f1": 0.5,
      "auc": 0.7142857142857143,
      "shd": 4,
      "edge_accuracy": 0.5555555555555556
    },
    "counterfactual": {
      "mean_intervention_effect": 0.11612615697085857,
      "std_intervention_effect": 0.10604587872092454,
      "mean_correlation": 0.7429650515317917,
      "std_correlation": 0.21956386095100863,
      "min_effect": 0.03402534872293472,
      "max_effect": 0.39752835035324097
    },
    "prediction": {
      "mse": 0.21160611510276794,
      "mae": 0.36740508675575256
    },
    "config": {
      "name": "fork",
      "type": "fork",
      "n_nodes": 4
    }
  },
  "v_structure": {
    "structure": {
      "precision": 0.3333333333333333,
      "recall": 1.0,
      "f1": 0.5,
      "auc": 0.7142857142857143,
      "shd": 4,
      "edge_accuracy": 0.5555555555555556
    },
    "counterfactual": {
      "mean_intervention_effect": 0.12471408769488335,
      "std_intervention_effect": 0.09635999897602457,
      "mean_correlation": 0.6933149918913841,
      "std_correlation": 0.24161315265911068,
      "min_effect": 0.0426904521882534,
      "max_effect": 0.38013699650764465
    },
    "prediction": {
      "mse": 0.29190751910209656,
      "mae": 0.4247242510318756
    },
    "config": {
      "name": "v_structure",
      "type": "v_structure",
      "n_nodes": 4
    }
  },
  "confounder": {
    "structure": {
      "precision": 0.3333333333333333,
      "recall": 1.0,
      "f1": 0.5,
      "auc": 0.7142857142857143,
      "shd": 4,
      "edge_accuracy": 0.5555555555555556
    },
    "counterfactual": {
      "mean_intervention_effect": 0.11729229427874088,
      "std_intervention_effect": 0.10031240016668956,
      "mean_correlation": 0.7579687744379043,
      "std_correlation": 0.21985063134142244,
      "min_effect": 0.035803526639938354,
      "max_effect": 0.3850399851799011
    },
    "prediction": {
      "mse": 0.3729598820209503,
      "mae": 0.48611581325531006
    },
    "config": {
      "name": "confounder",
      "type": "confounder",
      "n_nodes": 4
    }
  },
  "complex": {
    "structure": {
      "precision": 0.3333333333333333,
      "recall": 1.0,
      "f1": 0.5,
      "auc": 0.7142857142857143,
      "shd": 4,
      "edge_accuracy": 0.5555555555555556
    },
    "counterfactual": {
      "mean_intervention_effect": 0.11729229427874088,
      "std_intervention_effect": 0.10031240016668956,
      "mean_correlation": 0.7579687744379043,
      "std_correlation": 0.21985063134142244,
      "min_effect": 0.035803526639938354,
      "max_effect": 0.3850399851799011
    },
    "prediction": {
      "mse": 0.3729598820209503,
      "mae": 0.48611581325531006
    },
    "config": {
      "name": "complex",
      "type": "complex",
      "n_nodes": 6
    }
  }
}