{
  "training_history": {
    "epoch": [
      0,
      1,
      2,
      3,
      4,
      5,
      6,
      7,
      8,
      9,
      10,
      11,
      12,
      13,
      14,
      15,
      16,
      17,
      18,
      19,
      20,
      21,
      22,
      23,
      24,
      25,
      26,
      27,
      28,
      29
    ],
    "prediction_loss": [
      0.8084708992391825,
      0.7337916595861316,
      0.6844186820089817,
      0.6556462645530701,
      0.6594721870496869,
      0.6376976305618882,
      0.6428684797137976,
      0.6319447085261345,
      0.6360886823385954,
      0.6405883822590113,
      0.6415611738339067,
      0.6330623012036085,
      0.6500801555812359,
      0.6466799648478627,
      0.6418056972324848,
      0.6352107934653759,
      0.6325492160394788,
      0.6345628555864096,
      0.6305366503074765,
      0.6372880665585399,
      0.6232152143493295,
      0.6329066446051002,
      0.6231338623911142,
      0.6340599628165364,
      0.6412828918546438,
      0.6393231190741062,
      0.6390466066077352,
      0.620112401433289,
      0.6329911909997463,
      0.6297419322654605
    ],
    "counterfactual_loss": [
      0.0021038372806287953,
      0.0021490180179171148,
      0.0029800283980421227,
      0.005935252058861806,
      0.008277018667286029,
      0.009104422983000404,
      0.007516791458556327,
      0.013142979903932428,
      0.014163882626235136,
      0.015616349712217925,
      0.012362071747020309,
      0.012296349132157047,
      0.012702524436463136,
      0.013603516072180355,
      0.014177483265484625,
      0.020367994753542007,
      0.013386345441176672,
      0.014459264798460936,
      0.012092191971532884,
      0.012049854844008223,
      0.013536242269765353,
      0.01464061521619442,
      0.014568740602953767,
      0.01239615064150712,
      0.01868311476027884,
      0.015562797128040984,
      0.013539889841467811,
      0.010837928478395042,
      0.012693990356638096,
      0.012864582923612033
    ],
    "traditional_cf_loss": [],
    "cf_structure_loss": [],
    "cf_consistency_loss": [],
    "structure_loss": [
      1.3629717258736491,
      1.190805122256279,
      1.1925362404435873,
      1.0078965909779072,
      1.1128081250935793,
      0.9862362388521433,
      1.0189852379262447,
      0.9626030903309584,
      0.9214653261005878,
      0.8401911649852991,
      0.8537622299045324,
      0.8183433981612325,
      0.8540068678557873,
      0.8070245981216431,
      0.7742839455604553,
      0.7738114222884178,
      0.702564743347466,
      0.7685908414423466,
      0.7353267883881927,
      0.7036604918539524,
      0.7426330018788576,
      0.7026580302044749,
      0.6765940766781569,
      0.7114101452752948,
      0.6675140466541052,
      0.7277631582692266,
      0.6919925287365913,
      0.7165330573916435,
      0.6981283677741885,
      0.6759152337908745
    ],
    "causal_violation_penalty": [
      3.490963001695491e-05,
      4.2675258214330825e-05,
      5.7279499628748454e-05,
      7.962794018112618e-05,
      0.00010688252788781938,
      0.00017625111017594008,
      0.0001803919398355447,
      0.00019075142381552723,
      0.00020738732953873296,
      0.00024950723454963963,
      0.0002398968938877033,
      0.0002660489953996148,
      0.000265734171080112,
      0.0002494285752163705,
      0.0002841822854975362,
      0.00030877635475690113,
      0.0002743504444424616,
      0.00029611418841568593,
      0.0003177331254846649,
      0.00025848420420970797,
      0.00028267325660635834,
      0.0002438126191890433,
      0.0002912012190563473,
      0.00028697780498987413,
      0.00031235853180078266,
      0.0003943471701006729,
      0.00030190390680218115,
      0.00029396591932595584,
      0.0002797256186681807,
      0.00044825237500845105
    ],
    "total_loss": [
      0.9469068311154842,
      0.8550638724118471,
      0.8067096117883921,
      0.762450810521841,
      0.779136911034584,
      0.7456019371747971,
      0.7524641901254654,
      0.7415387593209743,
      0.7426064852625132,
      0.7404733644798398,
      0.739539360627532,
      0.7274590460583568,
      0.7484491001814604,
      0.7412353800609708,
      0.7336957566440105,
      0.7332687135785818,
      0.7164663812145591,
      0.7261773180216551,
      0.7164792539551854,
      0.7199624618515372,
      0.7112974282354116,
      0.7180568687617779,
      0.7056532120332122,
      0.7178840925917029,
      0.7270297789946198,
      0.728056576102972,
      0.7220876505598426,
      0.7028976064175367,
      0.7157777389511466,
      0.7106462856754661
    ],
    "intervention_rate": [
      0.13671875,
      0.13671875,
      0.13671875,
      0.13671875,
      0.13671875,
      0.13671875,
      0.13671875,
      0.13671875,
      0.13671875,
      0.13671875,
      0.13671875,
      0.13671875,
      0.13671875,
      0.13671875,
      0.13671875,
      0.13671875,
      0.13671875,
      0.13671875,
      0.13671875,
      0.13671875,
      0.13671875,
      0.13671875,
      0.13671875,
      0.13671875,
      0.13671875,
      0.13671875,
      0.13671875,
      0.13671875,
      0.13671875,
      0.13671875
    ],
    "gradient_norms": [
      0.7910220766185742,
      0.6485801084309349,
      0.5557696498900042,
      0.4167955183915697,
      0.38900080003326337,
      0.3758837419783149,
      0.3874555993681743,
      0.3215094509986392,
      0.2961007401236814,
      0.29059853994910356,
      0.3226156281426541,
      0.3471862330185528,
      0.3196096391850585,
      0.41166832296176614,
      0.3836875827425279,
      0.3815200984684089,
      0.35218779811326295,
      0.3437069212246735,
      0.38432445953894945,
      0.36398879203177864,
      0.34804869414407824,
      0.3854894472035999,
      0.37176475307176404,
      0.34772397311884495,
      0.3984059381876919,
      0.3581374009361493,
      0.38130915573462904,
      0.33677002880394435,
      0.3976115525728123,
      0.29088624975972466
    ],
    "structure_accuracy": [
      0.6666666666666667,
      0.6666666666666667,
      0.6666666666666667,
      0.6666666666666667,
      0.6666666666666667,
      0.6666666666666667,
      0.6666666666666667,
      0.6666666666666667,
      0.6666666666666667,
      0.6666666666666667,
      0.6666666666666667,
      0.6666666666666667,
      0.6666666666666667,
      0.6666666666666667,
      0.6666666666666667,
      0.6666666666666667,
      0.6666666666666667,
      0.6666666666666667,
      0.6666666666666667,
      0.6666666666666667,
      0.6666666666666667,
      0.6666666666666667,
      0.6666666666666667,
      0.6666666666666667,
      0.6666666666666667,
      0.6666666666666667,
      0.6666666666666667,
      0.6666666666666667,
      0.6666666666666667,
      0.6666666666666667
    ],
    "counterfactual_accuracy": [
      0.06885413953568786,
      0.07669756095856428,
      0.0644861753389705,
      0.073509126144927,
      0.1227642385638319,
      0.11223572620656341,
      0.10260216589085758,
      0.11262827692553401,
      0.11065044836141169,
      0.1217926109675318,
      0.0847982564009726,
      0.12759043733240105,
      0.07889452512608841,
      0.12777932579047047,
      0.09678718179930001,
      0.08360337745398283,
      0.0927995253005065,
      0.09310389682650566,
      0.11678338347701356,
      0.11657067376654595,
      0.148365507600829,
      0.1115416597458534,
      0.0880218677339144,
      0.13505825703032315,
      0.1021490644197911,
      0.1344190741656348,
      0.11027486633975059,
      0.12760023272130638,
      0.15158185310428962,
      0.16763856512261555
    ]
  },
  "ablation_config": {
    "enable_interventions": true,
    "enable_gradient_blocking": true,
    "enable_dynamic_rewiring": true,
    "enable_structure_learning": true,
    "enable_gradient_surgery": true
  },
  "final_metrics": {
    "train_loss": 0.7106462856754661,