{
  "training_history": {
    "epoch": [
      0,
      1,
      2,
      3,
      4,
      5,
      6,
      7,
      8,
      9,
      10,
      11,
      12,
      13,
      14,
      15,
      16,
      17,
      18,
      19,
      20,
      21,
      22,
      23,
      24,
      25,
      26,
      27,
      28,
      29
    ],
    "prediction_loss": [
      0.28291230788454413,
      0.22240192373283207,
      0.1771956873126328,
      0.1493063373491168,
      0.1477901483885944,
      0.1411459861556068,
      0.1432780607137829,
      0.13919447362422943,
      0.13976476364769042,
      0.1418486621696502,
      0.14119804580695927,
      0.14108129241503775,
      0.1443197876214981,
      0.14219562662765384,
      0.14197260490618646,
      0.1397445535985753,
      0.13882686151191592,
      0.14002940291538835,
      0.13965784525498748,
      0.14071930246427655,
      0.13747677230276167,
      0.1381339596118778,
      0.13717650924809277,
      0.1388639819342643,
      0.1416419828310609,
      0.1394438473507762,
      0.13942309189587831,
      0.13523112866096199,
      0.13913069711998105,
      0.13994334219023585
    ],
    "counterfactual_loss": [
      0.0012558590883600118,
      0.0017992729426623555,
      0.0025617960434374254,
      0.005094778495049468,
      0.006242598597509641,
      0.00652151890199093,
      0.006262209037345201,
      0.010098722653538061,
      0.009038988083375443,
      0.01043152444253792,
      0.009932418771541052,
      0.009750064130457758,
      0.009607292800865253,
      0.010816961681484827,
      0.010502233198167232,
      0.017612466173886787,
      0.00964237155039882,
      0.010041886881253959,
      0.009398403509521813,
      0.007922471985239099,
      0.007899425346295175,
      0.010931872719993407,
      0.008868208936291921,
      0.009105473869567504,
      0.012964950011792098,
      0.00850274671893203,
      0.008988446103444403,
      0.006621509298952333,
      0.008873219134670762,
      0.00848467523474028
    ],
    "traditional_cf_loss": [],
    "cf_structure_loss": [],
    "cf_consistency_loss": [],
    "structure_loss": [
      1.054349984973669,
      0.8830349640920758,
      0.8812729138880968,
      0.697888420894742,
      0.7995569407939911,
      0.6741627855226398,
      0.7101949686184525,
      0.6458061151206493,
      0.6014131321571767,
      0.5119371409527957,
      0.5296776248142123,
      0.48735755356028676,
      0.5256697330623865,
      0.47156747058033943,
      0.4537087408825755,
      0.4327069348655641,
      0.3728662524372339,
      0.42529266932979226,
      0.39302525762468576,
      0.3678522207774222,
      0.4063345487229526,
      0.36086344299837947,
      0.33605427062138915,
      0.3708899477496743,
      0.3287825039587915,
      0.39135571056976914,
      0.3629517564550042,
      0.375613322481513,
      0.36052968027070165,
      0.3421269664540887
    ],
    "causal_violation_penalty": [
      1.1548891777124481e-05,
      1.0553833476478758e-05,
      1.08645924878914e-05,
      1.3248562780177053e-05,
      1.4480538837347012e-05,
      2.0481179028308816e-05,
      2.209928569385511e-05,
      2.2252385747378867e-05,
      2.6964438511356548e-05,
      2.856892852420856e-05,
      3.214288756225869e-05,
      3.395835227593125e-05,
      3.461038795649074e-05,
      3.257100186715434e-05,
      3.461048928699029e-05,
      3.806728216204647e-05,
      3.443000449010469e-05,
      3.712296808089377e-05,
      3.73897678684898e-05,
      3.2224858443896665e-05,
      3.64635871505925e-05,
      3.372439822513229e-05,
      4.034905677485767e-05,
      3.9434652023828676e-05,
      4.251003647937068e-05,
      5.228300275206266e-05,
      3.873632007866945e-05,
      4.213236567096601e-05,
      4.375684483193254e-05,
      6.583227474266096e-05
    ],
    "total_loss": [
      0.3896147171035409,
      0.31251524621620774,
      0.2678956394083798,
      0.22420320892706513,
      0.2340029263868928,
      0.2151042679324746,
      0.22058186819776893,
      0.21389606012962759,
      0.20897202799096704,
      0.20350246969610453,
      0.20413036923855543,
      0.19960107281804085,
      0.2065286652650684,
      0.2002019074279815,
      0.19788032583892345,
      0.20066578104160726,
      0.1857902896590531,
      0.19263768219389021,
      0.18839616514742374,
      0.18545922311022878,
      0.18604611651971936,
      0.18518590088933706,
      0.17969049653038383,
      0.1850978855509311,
      0.18752769473940134,
      0.1871344493702054,
      0.18474544980563223,
      0.17945610219612718,
      0.1841006400063634,
      0.1827065465040505
    ],
    "intervention_rate": [
      0.13671875,
      0.13671875,
      0.13671875,
      0.13671875,
      0.13671875,
      0.13671875,
      0.13671875,
      0.13671875,
      0.13671875,
      0.13671875,
      0.13671875,
      0.13671875,
      0.13671875,
      0.13671875,
      0.13671875,
      0.13671875,
      0.13671875,
      0.13671875,
      0.13671875,
      0.13671875,
      0.13671875,
      0.13671875,
      0.13671875,
      0.13671875,
      0.13671875,
      0.13671875,
      0.13671875,
      0.13671875,
      0.13671875,
      0.13671875
    ],
    "gradient_norms": [
      0.7754819661398737,
      0.5710888880168414,
      0.42013554693389527,
      0.20859982263866783,
      0.16607047916986659,
      0.1517585347131875,
      0.15971987795925482,
      0.137728939319728,
      0.13243054042854532,
      0.12539694804116774,
      0.13768871174149405,
      0.14669656030561562,
      0.11944765620420845,
      0.15273706004626422,
      0.14004487784576136,
      0.13840891620974513,
      0.1271291736690525,
      0.13329011790724282,
      0.15883391819674064,
      0.14805852708305853,
      0.1493826057753632,
      0.15475181603549049,
      0.1438098600888844,
      0.14307667419239178,
      0.14072466220543783,
      0.15159456740895158,
      0.15533137719702375,
      0.13608428256898808,
      0.15879850007242766,
      0.1250259716120062
    ],
    "structure_accuracy": [
      0.6666666666666667,
      0.6666666666666667,
      0.6666666666666667,
      0.6666666666666667,
      0.6666666666666667,
      0.6666666666666667,
      0.6666666666666667,
      0.6666666666666667,
      0.6666666666666667,
      0.6666666666666667,
      0.6666666666666667,
      0.6666666666666667,
      0.6666666666666667,
      0.6666666666666667,
      0.6666666666666667,
      0.6666666666666667,
      0.6666666666666667,
      0.6666666666666667,
      0.6666666666666667,
      0.6666666666666667,
      0.6666666666666667,
      0.6666666666666667,
      0.6666666666666667,
      0.6666666666666667,
      0.6666666666666667,
      0.6666666666666667,
      0.6666666666666667,
      0.6666666666666667,
      0.6666666666666667,
      0.6666666666666667
    ],
    "counterfactual_accuracy": [
      0.060961616749409586,
      0.0592714897939004,
      0.048890258360188454,
      0.05659881091560237,
      0.08713455870747566,
      0.08219773374730721,
      0.07596490043215454,
      0.0797988580306992,
      0.07668181310873479,
      0.08562336332397535,
      0.06311616173479706,
      0.08032384142279625,
      0.06006158690433949,
      0.08520864121965133,
      0.07128541235579178,
      0.061401281447615474,
      0.0650572951999493,
      0.06266693631187081,
      0.07470177853247151,
      0.07408622637740336,
      0.0931693086749874,
      0.07344603643286973,
      0.06917916075326502,
      0.08079746103612706,
      0.06522669966216199,
      0.08246266015339643,
      0.06211527268169448,
      0.0771210280363448,
      0.08400595601415262,
      0.09390791953774169
    ]
  },
  "ablation_config": {
    "enable_interventions": true,
    "enable_gradient_blocking": true,
    "enable_dynamic_rewiring": true,
    "enable_structure_learning": true,
    "enable_gradient_surgery": true
  },