{
  "training_history": {
    "epoch": [
      0,
      1,
      2,
      3,
      4,
      5,
      6,
      7,
      8,
      9,
      10,
      11,
      12,
      13,
      14,
      15,
      16,
      17,
      18,
      19,
      20,
      21,
      22,
      23,
      24,
      25,
      26,
      27,
      28,
      29
    ],
    "prediction_loss": [
      0.1629842733964324,
      0.13600444025360048,
      0.11828130204230547,
      0.11782100074924529,
      0.11739646666683257,
      0.11701845610514283,
      0.11159318475984037,
      0.11407663091085851,
      0.1122722530271858,
      0.11872693011537194,
      0.11174471094273031,
      0.11253556737210602,
      0.11055920482613146,
      0.11327692354097962,
      0.11136869003530592,
      0.11725295498035848,
      0.11807903880253434,
      0.11010587424971163,
      0.10970756411552429,
      0.11193384369835258,
      0.1175247102510184,
      0.11113502294756472,
      0.11289054702501744,
      0.11296213953755796,
      0.11137606692500412,
      0.10986920446157455,
      0.11150231119245291,
      0.11277538631111383,
      0.11461174860596657,
      0.11802480230107903
    ],
    "counterfactual_loss": [
      0.0,
      0.0,
      0.0,
      0.0,
      0.0,
      0.0,
      0.0,
      0.0,
      0.0,
      0.0,
      0.0,
      0.0,
      0.0,
      0.0,
      0.0,
      0.0,
      0.0,
      0.0,
      0.0,
      0.0,
      0.0,
      0.0,
      0.0,
      0.0,
      0.0,
      0.0,
      0.0,
      0.0,
      0.0,
      0.0
    ],
    "structure_loss": [
      1.1103036496788263,
      1.0183380953967571,
      0.868134924210608,
      0.8202646374702454,
      0.7964039649814367,
      0.7219610149040818,
      0.6679715430364013,
      0.6076120510697365,
      0.6182676013559103,
      0.49759889394044876,
      0.4982344750314951,
      0.4621783718466759,
      0.4216477498412132,
      0.42820241022855043,
      0.45329452538862824,
      0.33613166911527514,
      0.4761407030746341,
      0.39021287113428116,
      0.3367568952962756,
      0.36106718704104424,
      0.34828778356313705,
      0.3745520617812872,
      0.39636252261698246,
      0.37734672287479043,
      0.37954709492623806,
      0.3655751422047615,
      0.31264505069702864,
      0.3170553119853139,
      0.2987872054800391,
      0.3151362123899162
    ],
    "total_loss": [
      0.2740146410651505,
      0.23783825058490038,
      0.2050947961397469,
      0.19984746631234884,
      0.1970368637703359,
      0.18921455880627036,
      0.1783903380855918,
      0.1748378376942128,
      0.17409901483915746,
      0.16848681983537972,
      0.16156815947033465,
      0.15875340602360666,
      0.1527239801362157,
      0.15609716507606208,
      0.15669814473949373,
      0.1508661217521876,
      0.1656931103207171,
      0.14912716182880104,
      0.143383254064247,
      0.14804056356661022,
      0.15235348837450147,
      0.1485902313143015,
      0.15252679982222617,
      0.1506968131288886,
      0.14933077548630536,
      0.1464267207775265,
      0.14276681724004447,
      0.14448091760277748,
      0.14449047041125596,
      0.14953842479735613
    ],
    "intervention_rate": [
      0.13671875,
      0.13671875,
      0.13671875,
      0.13671875,
      0.13671875,
      0.13671875,
      0.13671875,
      0.13671875,
      0.13671875,
      0.13671875,
      0.13671875,
      0.13671875,
      0.13671875,
      0.13671875,
      0.13671875,
      0.13671875,
      0.13671875,
      0.13671875,
      0.13671875,
      0.13671875,
      0.13671875,
      0.13671875,
      0.13671875,
      0.13671875,
      0.13671875,
      0.13671875,
      0.13671875,
      0.13671875,
      0.13671875,
      0.13671875
    ],
    "gradient_norms": [
      0.1769115397400198,
      0.19588352880509807,
      0.16559651170670983,
      0.17984025293896014,
      0.19379428496323148,
      0.1780823065337227,
      0.1486477630023737,
      0.15224777364287403,
      0.1789932517262197,
      0.19859354836406273,
      0.1760382996002226,
      0.17013791094545413,
      0.20389488915449674,
      0.19229571914860824,
      0.16242483474282526,
      0.16587543901778015,
      0.16937903115030545,
      0.13628821354798784,
      0.15041336638494096,
      0.17437855887589174,
      0.16102968098106646,
      0.16885581070047762,
      0.16109550298725417,
      0.17385514677318897,
      0.16859709693505992,
      0.15747209681360808,
      0.16162478040626801,
      0.19155992587702148,
      0.1668682415916736,
      0.2087211213897948
    ],
    "structure_accuracy": [
      0.0,
      0.0,
      0.0,
      0.0,
      0.0,
      0.0,
      0.0,
      0.0,
      0.0,
      0.0,
      0.0,
      0.0,
      0.0,
      0.0,
      0.0,
      0.0,
      0.0,
      0.0,
      0.0,
      0.0,
      0.0,
      0.0,
      0.0,
      0.0,
      0.0,
      0.0,
      0.0,
      0.0,
      0.0,
      0.0
    ],
    "counterfactual_accuracy": [
      0.04672991353436373,
      0.13775172247551382,
      0.2301928112283349,
      0.16919163870625198,
      0.2222733637318015,
      0.15184434549883008,
      0.19213433377444744,
      0.22533568530343473,
      0.22720923856832087,
      0.18411811348050833,
      0.22266975976526737,
      0.19423830439336598,
      0.29279378533829004,
      0.2178977185394615,
      0.20585569622926414,
      0.19350509473588318,
      0.18233877851162106,
      0.21161167859099805,
      0.23399580013938248,
      0.19545987283345312,
      0.23634881724137813,
      0.22347213851753622,
      0.23228379245847464,
      0.20809050393290818,
      0.35304030729457736,
      0.2752208807505667,
      0.20947862474713475,
      0.2503235333133489,
      0.29951810324564576,
      0.2003011384513229
    ]
  },
  "ablation_config": {
    "enable_interventions": true,
    "enable_gradient_blocking": true,
    "enable_dynamic_rewiring": true,
    "enable_structure_learning": true,
    "enable_gradient_surgery": true
  },
  "final_metrics": {
    "train_loss": 0.14953842479735613,
    "test_loss": 0.1149853146634996,
    "structure_accuracy": 0.0,
    "counterfactual_accuracy": 0.2003011384513229
  }
}