{
  "training_history": {
    "epoch": [
      0,
      1,
      2,
      3,
      4,
      5,
      6,
      7,
      8,
      9,
      10,
      11,
      12,
      13,
      14,
      15,
      16,
      17,
      18,
      19,
      20,
      21,
      22,
      23,
      24,
      25,
      26,
      27,
      28,
      29,
      30,
      31,
      32,
      33,
      34,
      35,
      36,
      37,
      38
    ],
    "prediction_loss": [
      0.16487960680387914,
      0.138584497384727,
      0.12308186967857182,
      0.11704014288261533,
      0.11453636444639415,
      0.11801553051918745,
      0.11364506557583809,
      0.11356667435029522,
      0.11471971147693694,
      0.11601194483228028,
      0.11753181624226272,
      0.11298511817585677,
      0.11696271086111665,
      0.11368455307092518,
      0.12127066927496344,
      0.11430844478309155,
      0.1165872965939343,
      0.11675264337100089,
      0.1147353402338922,
      0.11093881912529469,
      0.1146777265239507,
      0.11677806847728789,
      0.11953491112217307,
      0.11264289217069745,
      0.11367822682950646,
      0.10980266565456986,
      0.11240236728917807,
      0.11268770811147988,
      0.11996465967968106,
      0.11024755472317338,
      0.11049843044020236,
      0.11715074605308473,
      0.11519129620864987,
      0.11768123554065824,
      0.11673377244733274,
      0.11333690420724452,
      0.11269728327170014,
      0.11609999951906502,
      0.11028691753745079
    ],
    "counterfactual_loss": [
      0.0,
      0.0,
      0.0,
      0.0,
      0.0,
      0.0,
      0.0,
      0.0,
      0.0,
      0.0,
      0.0,
      0.0,
      0.0,
      0.0,
      0.0,
      0.0,
      0.0,
      0.0,
      0.0,
      0.0,
      0.0,
      0.0,
      0.0,
      0.0,
      0.0,
      0.0,
      0.0,
      0.0,
      0.0,
      0.0,
      0.0,
      0.0,
      0.0,
      0.0,
      0.0,
      0.0,
      0.0,
      0.0,
      0.0
    ],
    "structure_loss": [
      1.1802377048879862,
      0.9599314071238041,
      0.8969410285353661,
      0.8341558622196317,
      0.7721093539148569,
      0.6904827021062374,
      0.6531618274748325,
      0.6263728113844991,
      0.5649931766092777,
      0.5458089588209987,
      0.43883456150069833,
      0.43115397403016686,
      0.40986608574166894,
      0.4547763289883733,
      0.3932258882559836,
      0.43612611619755626,
      0.42746367468498647,
      0.42643589572981,
      0.3140817452222109,
      0.36010430194437504,
      0.36051505664363503,
      0.35798509465530515,
      0.34427423402667046,
      0.3720324970781803,
      0.3501492142677307,
      0.3164347680285573,
      0.3618653928861022,
      0.3705246467143297,
      0.33319738414138556,
      0.3971809600479901,
      0.30934933852404356,
      0.3277870346792042,
      0.33442493760958314,
      0.2786975335329771,
      0.2919057118706405,
      0.32046214351430535,
      0.2963360003195703,
      0.2877456545829773,
      0.3017460200935602
    ],
    "total_loss": [
      0.2829033783636987,
      0.23457764089107513,
      0.21277597220614552,
      0.20045573031529784,
      0.1917473031207919,
      0.1870638015680015,
      0.17896124930121005,
      0.17620395706035197,
      0.17121903109364212,
      0.17059284169226885,
      0.16141527285799384,
      0.15610051690600812,
      0.15794931957498193,
      0.15916218631900847,
      0.16059325821697712,
      0.15792105696164072,
      0.1593336663208902,
      0.15939623420126736,
      0.14614351512864232,
      0.14694925001822412,
      0.15072923270054162,
      0.15257657878100872,
      0.15396233508363366,
      0.1498461419250816,
      0.1486931482795626,
      0.14144614385440946,
      0.14858890767209232,
      0.14974017394706607,
      0.15328439883887768,
      0.149965652031824,
      0.1414333654101938,
      0.14992945012636483,
      0.1486337895039469,
      0.1455509897787124,
      0.14592434442602098,
      0.14538311841897666,
      0.14233088376931846,
      0.14487456413917243,
      0.1404615193605423
    ],
    "intervention_rate": [
      0.13671875,
      0.13671875,
      0.13671875,
      0.13671875,
      0.13671875,
      0.13671875,
      0.13671875,
      0.13671875,
      0.13671875,
      0.13671875,
      0.13671875,
      0.13671875,
      0.13671875,
      0.13671875,
      0.13671875,
      0.13671875,
      0.13671875,
      0.13671875,
      0.13671875,
      0.13671875,
      0.13671875,
      0.13671875,
      0.13671875,
      0.13671875,
      0.13671875,
      0.13671875,
      0.13671875,
      0.13671875,
      0.13671875,
      0.13671875,
      0.13671875,
      0.13671875,
      0.13671875,
      0.13671875,
      0.13671875,
      0.13671875,
      0.13671875,
      0.13671875,
      0.13671875
    ],
    "gradient_norms": [
      0.18760970176524647,
      0.2140230511973816,
      0.16955591791305094,
      0.18589658469319356,
      0.16650316234756218,
      0.18268596587331007,
      0.17573913586446516,
      0.17536359366863136,
      0.1847235154742498,
      0.17761576774837268,
      0.17545260390268202,
      0.18966631706610093,
      0.17863291779571677,
      0.18496280352136032,
      0.19007994851833224,
      0.1742165213300674,
      0.17230638535729373,
      0.17455008065744387,
      0.19134320185256165,
      0.1829950409236588,
      0.1920971813699456,
      0.21147967088040692,
      0.18177297147088212,
      0.16560160095215348,
      0.17146357475011928,
      0.17051104095574662,
      0.17854753014192268,
      0.16505889537375334,
      0.20718937218189662,
      0.201945298216123,
      0.1719860557078589,
      0.1681447951600601,
      0.17182564455871868,
      0.17530911791403198,
      0.1902681877517356,
      0.1884367506563825,
      0.15920156552289225,
      0.17840723155039218,
      0.14475506018004627
    ],
    "structure_accuracy": [
      0.40431547619047625,
      0.4171130952380952,
      0.3537202380952381,
      0.383779761904762,
      0.3473214285714286,
      0.36369047619047623,
      0.33452380952380956,
      0.2742559523809524,
      0.3398809523809524,
      0.3770833333333334,
      0.38125,
      0.3428571428571429,
      0.3599702380952382,
      0.2626488095238096,
      0.27604166666666663,
      0.4882440476190477,
      0.25416666666666665,
      0.29821428571428577,
      0.31875000000000003,
      0.3708333333333334,
      0.20505952380952383,
      0.22291666666666668,
      0.2520833333333333,
      0.3245535714285714,
      0.36874999999999997,
      0.36979166666666663,
      0.31473214285714285,
      0.32514880952380953,
      0.26458333333333334,
      0.20625000000000002,
      0.22500000000000003,
      0.246875,
      0.28020833333333334,
      0.2833333333333334,
      0.3416666666666666,
      0.2833333333333334,
      0.3458333333333333,
      0.3145833333333334,
      0.34270833333333334
    ],