{
  "training_history": {
    "epoch": [
      0,
      1,
      2,
      3,
      4,
      5,
      6,
      7,
      8,
      9,
      10,
      11,
      12,
      13,
      14,
      15,
      16,
      17,
      18,
      19,
      20,
      21,
      22,
      23,
      24,
      25,
      26,
      27,
      28,
      29,
      30,
      31,
      32,
      33,
      34,
      35,
      36,
      37,
      38,
      39,
      40,
      41,
      42,
      43,
      44,
      45,
      46,
      47,
      48,
      49
    ],
    "prediction_loss": [
      0.18156263721175492,
      0.15563567471690476,
      0.15093863429501653,
      0.14726994605734944,
      0.1443111700937152,
      0.14176761102862656,
      0.14332831767387688,
      0.1413051497656852,
      0.14194499352015555,
      0.14346102508716285,
      0.1429192810319364,
      0.14360493212006986,
      0.14327805233187973,
      0.1422025307547301,
      0.14030032302252948,
      0.14223958714865148,
      0.13791704177856445,
      0.1423297009896487,
      0.13930565118789673,
      0.1406117940787226,
      0.1402190092485398,
      0.1409025564789772,
      0.13944085757248104,
      0.14113105623982847,
      0.14154226006940007,
      0.13765532872639596,
      0.1413414552807808,
      0.13716276362538338,
      0.14021884370595217,
      0.13931623310782015,
      0.14137480058707297,
      0.13807412749156356,
      0.1397203067317605,
      0.14206281094811857,
      0.1381122088059783,
      0.14278468186967075,
      0.1397446352057159,
      0.14060949487611651,
      0.1387642549816519,
      0.13943457952700555,
      0.1390335150063038,
      0.13969102432020009,
      0.13904967089183629,
      0.1415350059978664,
      0.13845172757282853,
      0.13932093884795904,
      0.13989485031925142,
      0.14069112483412027,
      0.1389440456405282,
      0.13756763306446373
    ],
    "counterfactual_loss": [
      0.02911492112889391,
      0.03104323704928902,
      0.027390550782911305,
      0.0229944174461707,
      0.02192013718558883,
      0.03007470301599824,
      0.015453024155476669,
      0.020532977439870592,
      0.035053569641604554,
      0.032472576618602034,
      0.024334190472472983,
      0.03193096326867817,
      0.03528822854354985,
      0.016097522515337914,
      0.026128260642508394,
      0.016946377176282112,
      0.022273291184319532,
      0.022429079999710666,
      0.024152974484877632,
      0.01895704649086838,
      0.013619060035125585,
      0.020061268105564523,
      0.01454697199187649,
      0.017154765389932436,
      0.021896995301176503,
      0.01812718356086407,
      0.020049980859766947,
      0.022870640057590208,
      0.019048037288030173,
      0.019408349134209857,
      0.017648083955464244,
      0.019656572870189848,
      0.019437547745837946,
      0.017331464067410707,
      0.01776268369394529,
      0.026519109898799798,
      0.024592862874669663,
      0.02439271940056642,
      0.01628537960095855,
      0.025321286570942902,
      0.025912349574355176,
      0.015610675302923482,
      0.01783092771711381,
      0.017773350359675533,
      0.025782057455217,
      0.022308003325179016,
      0.027523904430381663,
      0.0249459713950273,
      0.017927868190781737,
      0.023283127033437268
    ],
    "traditional_cf_loss": [],
    "cf_structure_loss": [],
    "cf_consistency_loss": [],
    "structure_loss": [
      1.3005112614482641,
      0.941030035726726,
      0.8695104792714119,
      0.9283301094546914,
      0.8658301644027233,
      0.6317735556513071,
      0.6225446602329612,
      0.5645904843695462,
      0.5798706733621657,
      0.516371600329876,
      0.5865934602916241,
      0.5368672963231802,
      0.43255746318027377,
      0.4297251207754016,
      0.4646047577261925,
      0.4541484764777124,
      0.38569049909710884,
      0.43109881272539496,
      0.5107479267753661,
      0.3722555381245911,
      0.4191150860860944,
      0.4248130167834461,
      0.3862707354128361,
      0.33517750911414623,
      0.381550339050591,
      0.35796342138201,
      0.3743976210244,
      0.3371274615637958,
      0.33722983160987496,
      0.30467163398861885,
      0.36637102207168937,
      0.27633806550875306,
      0.35977090150117874,
      0.3608005647547543,
      0.27849610056728125,
      0.32310745725408196,
      0.33990228874608874,
      0.3238174570724368,
      0.3357062293216586,
      0.3217275608330965,
      0.2941677668131888,
      0.3092209296301007,
      0.339264877140522,
      0.2921134722419083,
      0.270642779301852,
      0.3181566260755062,
      0.27335151797160506,
      0.2828093250282109,
      0.26405494567006826,
      0.25088723422959447
    ],
    "causal_violation_penalty": [
      1.1271802833334732e-05,
      1.2525620817882555e-05,
      2.013294687230882e-05,
      3.149209678099396e-05,
      4.081233240071924e-05,
      4.581024899152908e-05,
      4.83093421621561e-05,
      6.583025401596387e-05,
      5.923656419781764e-05,
      6.747409599938692e-05,
      6.872280039260659e-05,
      0.00011144811543317701,
      6.570417673401607e-05,
      6.146154984776331e-05,
      6.493703801879747e-05,
      6.620944111546123e-05,
      6.331965636263703e-05,
      6.62313160546546e-05,
      6.661799915264055e-05,
      6.364403736824897e-05,
      6.262860722472396e-05,
      6.245515953651193e-05,
      6.324363909016029e-05,
      6.87012325215619e-05,
      6.258590832430855e-05,
      6.35268832240854e-05,
      5.6027750929388276e-05,
      6.638309736217707e-05,
      6.193646180463475e-05,
      6.325219408154226e-05,
      5.824143022437056e-05,
      7.292624297861039e-05,
      5.849010481995265e-05,
      5.82963849637963e-05,
      5.6215801095049756e-05,
      5.728555927930756e-05,
      6.350709179514524e-05,
      6.740999000953707e-05,
      5.831537595213376e-05,
      5.5288068267600465e-05,
      6.189470377648831e-05,
      5.6843473316803284e-05,
      7.710908982971887e-05,
      6.363770245343403e-05,
      5.2729993228695093e-05,
      6.145938186818967e-05,
      6.118737371707539e-05,
      5.1932491146544635e-05,
      5.459917491634769e-05,
      6.448740174391787e-05
    ],
    "total_loss": [
      0.34073996217921376,
      0.2807944412343204,
      0.26530036609619856,
      0.26312886783853173,
      0.2528551397845149,
      0.23506548395380378,
      0.221084117423743,
      0.21836300753057003,
      0.23504486959427595,
      0.22763823671266437,
      0.2259815433062613,
      0.22933407267555594,
      0.22188773285597563,
      0.20133402664214373,
      0.21295399824157357,
      0.20466702268458903,
      0.19882270228117704,
      0.20793489227071404,
      0.2146000354550779,
      0.19685803586617112,
      0.19581220927648246,
      0.2035075796302408,
      0.1926781488582492,
      0.1918722759000957,
      0.2016568761318922,
      0.19164237915538251,
      0.19888722756877542,
      0.19381253281608224,
      0.19305179873481393,
      0.18925499846227467,
      0.19571822881698608,
      0.1854374329559505,
      0.19519343553110957,
      0.1955326278693974,
      0.1837807185947895,
      0.20167182036675513,
      0.19839123520068824,
      0.19745136960409582,
      0.18867857242003083,
      0.1969839120283723,
      0.1944245365448296,
      0.18628063704818487,
      0.19088419806212187,
      0.18858334026299417,
      0.1913507911376655,
      0.19350606389343739,
      0.1948150924872607,
      0.19396996148861945,
      0.18333200621418655,
      0.186003970913589
    ],