{
  "training_history": {
    "epoch": [
      0,
      1,
      2,
      3,
      4,
      5,
      6,
      7,
      8,
      9,
      10,
      11,
      12,
      13,
      14,
      15,
      16,
      17,
      18,
      19,
      20,
      21,
      22,
      23,
      24,
      25,
      26,
      27,
      28,
      29
    ],
    "prediction_loss": [
      0.7198033230379224,
      0.6859979908913374,
      0.6454563625156879,
      0.5973353497684002,
      0.579297655262053,
      0.5837967339903116,
      0.5529156615957618,
      0.556226858869195,
      0.5537200951948762,
      0.57368946634233,
      0.5524955671280622,
      0.5574922459200025,
      0.539936998160556,
      0.5568452812731266,
      0.5447895247489214,
      0.5774466441944242,
      0.5766378715634346,
      0.5474726799875498,
      0.5477892560884356,
      0.557848522439599,
      0.5775392185896635,
      0.5511679332703352,
      0.5539380246773362,
      0.5562858721241355,
      0.5522193675860763,
      0.5433469261042774,
      0.5433781559113413,
      0.5596948843449354,
      0.5667043197900057,
      0.5725875971838832
    ],
    "counterfactual_loss": [
      0.0,
      0.0,
      0.0,
      0.0,
      0.0,
      0.0,
      0.0,
      0.0,
      0.0,
      0.0,
      0.0,
      0.0,
      0.0,
      0.0,
      0.0,
      0.0,
      0.0,
      0.0,
      0.0,
      0.0,
      0.0,
      0.0,
      0.0,
      0.0,
      0.0,
      0.0,
      0.0,
      0.0,
      0.0,
      0.0
    ],
    "structure_loss": [
      1.4263537637889385,
      1.3225506227463484,
      1.151259457692504,
      1.0845583584159613,
      1.0431883949786425,
      0.9420987721532583,
      0.9057907611131668,
      0.8256722846999764,
      0.8891690503805876,
      0.8076686002314091,
      0.8185760341584682,
      0.7896461710333824,
      0.7671850537881255,
      0.7689592940732837,
      0.8107266053557396,
      0.6966114928945899,
      0.8354282472282648,
      0.7580952327698469,
      0.6833879109472036,
      0.7072909446433187,
      0.6802795054391026,
      0.7204310726374388,
      0.7506451494991779,
      0.7185893347486854,
      0.7260262491181493,
      0.7101084375753999,
      0.6602132795378566,
      0.6705707032233477,
      0.6403701296076179,
      0.6632028939202428
    ],
    "total_loss": [
      0.8624386973679066,
      0.8182530496269464,
      0.7605823092162609,
      0.7057911846786737,
      0.6836165003478527,
      0.6780066108331084,
      0.6434947419911623,
      0.6387940840795636,
      0.6426370004191995,
      0.6544563258066773,
      0.6343531711027026,
      0.6364568648859859,
      0.6166555066592991,
      0.633741207420826,
      0.6258621872402728,
      0.6471077902242541,
      0.6601806990802288,
      0.6232822006568313,
      0.6161280497908592,
      0.6285776179283857,
      0.6455671703442931,
      0.6232110392302275,
      0.6290025431662798,
      0.6281448062509298,
      0.6248219944536686,
      0.6143577704206109,
      0.6093994793482125,
      0.6267519537359476,
      0.6307413345202804,
      0.6389078889042139
    ],
    "intervention_rate": [
      0.13671875,
      0.13671875,
      0.13671875,
      0.13671875,
      0.13671875,
      0.13671875,
      0.13671875,
      0.13671875,
      0.13671875,
      0.13671875,
      0.13671875,
      0.13671875,
      0.13671875,
      0.13671875,
      0.13671875,
      0.13671875,
      0.13671875,
      0.13671875,
      0.13671875,
      0.13671875,
      0.13671875,
      0.13671875,
      0.13671875,
      0.13671875,
      0.13671875,
      0.13671875,
      0.13671875,
      0.13671875,
      0.13671875,
      0.13671875
    ],
    "gradient_norms": [
      0.30147948427867477,
      0.33590312021577934,
      0.4113440280475414,
      0.4425005423479275,
      0.4838883516699107,
      0.4168163248922676,
      0.40572510894305824,
      0.425284685712311,
      0.46009706366329084,
      0.4836458942775868,
      0.43315743945398,
      0.48805492940857154,
      0.5118339622675376,
      0.4932668012296047,
      0.44651344077075045,
      0.420394195011125,
      0.4345693048565392,
      0.35568086064133214,
      0.40955913471281696,
      0.4782697477436972,
      0.4441638497954698,
      0.4476456283162554,
      0.43446793149297586,
      0.49421834462793723,
      0.45470813589548115,
      0.4388125883273103,
      0.41076655715322186,
      0.5044157611610424,
      0.43457456886189355,
      0.5489230348136451
    ],
    "structure_accuracy": [
      0.33333333333333337,
      0.5,
      0.5,
      0.5,
      0.6666666666666667,
      0.6666666666666667,
      0.0,
      0.0,
      0.0,
      0.0,
      0.0,
      0.0,
      0.0,
      0.0,
      0.0,
      0.0,
      0.0,
      0.0,
      0.0,
      0.0,
      0.0,
      0.0,
      0.0,
      0.0,
      0.0,
      0.0,
      0.0,
      0.0,
      0.0,
      0.0
    ],
    "counterfactual_accuracy": [
      0.00913842159206979,
      0.05099976761266589,
      0.1447571909520775,
      0.21692919684574008,
      0.30541654815897346,
      0.18689339747652411,
      0.2824237961322069,
      0.287295323330909,
      0.32375709200277925,
      0.2525983644882217,
      0.28633850160986185,
      0.2353447814239189,
      0.4174718069843948,
      0.30192289024125785,
      0.2422209912328981,
      0.2791247331770137,
      0.2202410046593286,
      0.2755654361099005,
      0.31829955871216953,
      0.2635206728009507,
      0.29847680986858904,
      0.2865249636815861,
      0.2846792050986551,
      0.25506559829227626,
      0.5045078711118549,
      0.36135794350411743,
      0.29844091669656336,
      0.3531286894576624,
      0.39128327486105263,
      0.2231810218654573
    ]
  },
  "ablation_config": {
    "enable_interventions": true,
    "enable_gradient_blocking": true,
    "enable_dynamic_rewiring": true,
    "enable_structure_learning": true,
    "enable_gradient_surgery": true
  },
  "final_metrics": {
    "train_loss": 0.6389078889042139,
    "test_loss": 0.5590386940166354,
    "structure_accuracy": 0.0,
    "counterfactual_accuracy": 0.2231810218654573
  }
}