{
  "training_history": {
    "epoch": [
      0,
      1,
      2,
      3,
      4,
      5,
      6,
      7,
      8,
      9,
      10,
      11,
      12,
      13,
      14,
      15,
      16,
      17,
      18,
      19,
      20,
      21,
      22,
      23,
      24,
      25,
      26,
      27,
      28,
      29,
      30,
      31,
      32,
      33,
      34,
      35,
      36,
      37,
      38,
      39,
      40,
      41,
      42,
      43,
      44,
      45,
      46,
      47,
      48,
      49
    ],
    "prediction_loss": [
      0.16307203099131584,
      0.13189267879351974,
      0.11406220379285514,
      0.10871087643317878,
      0.10651206853799522,
      0.10328634676989168,
      0.10158121807035059,
      0.10114434780552983,
      0.09953777585178614,
      0.09744843782391399,
      0.09760809422004968,
      0.09763935022056103,
      0.09680802840739489,
      0.09454645699588582,
      0.09521962096914649,
      0.09556356410030276,
      0.09532587963622063,
      0.09662096051033586,
      0.09600233589299023,
      0.09630741144064814,
      0.09502428094856441,
      0.09455878590233624,
      0.0953901254106313,
      0.0946842759149149,
      0.09438534453511238,
      0.09411790536250919,
      0.09682783717289567,
      0.09532930760178715,
      0.09532033861614764,
      0.09823857387527823,
      0.0967558576958254,
      0.09584346669726074,
      0.09490941255353391,
      0.09585579589474946,
      0.09808357467409223,
      0.09483647276647389,
      0.09486906637903303,
      0.09426140785217285,
      0.09415747283492237,
      0.09459885349497199,
      0.09583110874518752,
      0.09519875817932189,
      0.09478808147832751,
      0.09611821034923196,
      0.09450824779924005,
      0.09512070857454091,
      0.09506197948940098,
      0.09302446816582233,
      0.09444844850804657,
      0.09521332080475986
    ],
    "counterfactual_loss": [
      0.0,
      0.0,
      0.0,
      0.0,
      0.0,
      0.0,
      0.0,
      0.0,
      0.0,
      0.0,
      0.0,
      0.0,
      0.0,
      0.0,
      0.0,
      0.0,
      0.0,
      0.0,
      0.0,
      0.0,
      0.0,
      0.0,
      0.0,
      0.0,
      0.0,
      0.0,
      0.0,
      0.0,
      0.0,
      0.0,
      0.0,
      0.0,
      0.0,
      0.0,
      0.0,
      0.0,
      0.0,
      0.0,
      0.0,
      0.0,
      0.0,
      0.0,
      0.0,
      0.0,
      0.0,
      0.0,
      0.0,
      0.0,
      0.0,
      0.0
    ],
    "structure_loss": [
      1.046734994277358,
      0.958531447686255,
      0.8875720724463463,
      0.8426393065601587,
      0.7491435017436743,
      0.6933495122939348,
      0.7033064560964704,
      0.6333577539771795,
      0.5726925451308489,
      0.47528097312897444,
      0.44980333745479584,
      0.4683090979233384,
      0.4588439241051674,
      0.40010540559887886,
      0.45336733059957623,
      0.38635869370773435,
      0.426995818503201,
      0.41586380917578936,
      0.3692743228748441,
      0.35331108001992106,
      0.3997910348698497,
      0.39591700909659266,
      0.37142266519367695,
      0.41635977709665895,
      0.34290172159671783,
      0.30980830639600754,
      0.32757288543507457,
      0.32934923144057393,
      0.40842667408287525,
      0.32738044671714306,
      0.3575415099039674,
      0.3242326113395393,
      0.3606721218675375,
      0.3175468295812607,
      0.3539076563902199,
      0.299778641667217,
      0.34318020287901163,
      0.2826466294936836,
      0.2979056094773114,
      0.26525954995304346,
      0.2658749371767044,
      0.35224928986281157,
      0.2981594540178776,
      0.28359271213412285,
      0.3306636195629835,
      0.36208226485177875,
      0.2926047658547759,
      0.2824509129859507,
      0.305746469181031,
      0.29165280144661665
    ],
    "total_loss": [
      0.26774553302675486,
      0.2277458244934678,
      0.20281941210851073,
      0.19297481141984463,
      0.18142641987651587,
      0.17262129858136177,
      0.17191186407580972,
      0.16448012460023165,
      0.15680703287944198,
      0.14497653651051223,
      0.14258842845447361,
      0.14447026094421744,
      0.1426924227271229,
      0.13455699698533863,
      0.14055635407567024,
      0.13419943512417376,
      0.13802546309307218,
      0.13820734177716076,
      0.13292976934462786,
      0.13163851923309267,
      0.13500338466838002,
      0.13415048737078905,
      0.132532391929999,
      0.1363202545326203,
      0.12867551785893738,
      0.12509873672388494,
      0.12958512641489506,
      0.12826423114165664,
      0.13616300653666258,
      0.1309766185004264,
      0.13251000898890197,
      0.1282667287159711,
      0.130976625951007,
      0.12761047994717956,
      0.13347434252500534,
      0.12481433781795204,
      0.12918708729557693,
      0.12252607219852507,
      0.12394803483039141,
      0.12112480914220214,
      0.12241860362701118,
      0.13042368763126433,
      0.12460402795113623,
      0.1244774826336652,
      0.12757461075671017,
      0.131328935502097,
      0.12432245770469308,
      0.12126955995336175,
      0.12502309679985046,
      0.12437860225327313
    ],
    "intervention_rate": [
      0.0,
      0.0,
      0.0,
      0.0,
      0.0,
      0.0,
      0.0,
      0.0,
      0.0,
      0.0,
      0.0,
      0.0,
      0.0,
      0.0,
      0.0,
      0.0,
      0.0,
      0.0,
      0.0,
      0.0,
      0.0,
      0.0,
      0.0,
      0.0,
      0.0,
      0.0,
      0.0,
      0.0,
      0.0,
      0.0,
      0.0,
      0.0,
      0.0,
      0.0,
      0.0,
      0.0,
      0.0,
      0.0,
      0.0,
      0.0,
      0.0,
      0.0,
      0.0,
      0.0,
      0.0,
      0.0,
      0.0,
      0.0,
      0.0,
      0.0
    ],
    "gradient_norms": [
      0.1857316661606087,
      0.20626647999797978,
      0.18225715862677738,
      0.1945265500280562,
      0.1690492060966632,
      0.16604091570797808,
      0.17156057735545643,
      0.17220886533667995,
      0.20814093638966083,
      0.17888121449342975,
      0.2049346829821644,
      0.1970238825305956,
      0.20801665804444008,
      0.14612882975252267,
      0.18177218565230097,
      0.19138991036457573,
      0.20248764675338088,
      0.15826180430006886,
      0.19236934439675749,
      0.17573831337040668,
      0.20627528919942564,
      0.17617486573751615,
      0.19347046579021887,
      0.2143923067041284,
      0.19993131010053938,
      0.2218321301440193,
      0.15897700427807906,
      0.17959695072406096,
      0.20255620753302717,
      0.177113100456079,
      0.22293577626101493,
      0.2012952875611055,
      0.21099028039934833,
      0.2086411495814186,
      0.20271071081846054,
      0.17834447534640493,
      0.21090189501578935,
      0.20188456984591968,
      0.16470153462275822,
      0.18061248990261455,
      0.17852078047474276,
      0.20404675505644923,
      0.19373655204281037,
      0.18507124392862911,
      0.19023732053971412,
      0.19185646318526206,
      0.20367702154983913,
      0.16040234962437194,
      0.23200749975733057,
      0.18462628779434262
    ],