{
  "training_history": {
    "epoch": [
      0,
      1,
      2,
      3,
      4,
      5,
      6,
      7,
      8,
      9,
      10,
      11,
      12,
      13,
      14,
      15,
      16,
      17,
      18,
      19,
      20,
      21,
      22,
      23,
      24,
      25,
      26,
      27,
      28,
      29,
      30,
      31,
      32,
      33,
      34,
      35,
      36,
      37,
      38,
      39,
      40,
      41,
      42,
      43,
      44,
      45,
      46,
      47,
      48,
      49
    ],
    "prediction_loss": [
      0.17973458394408226,
      0.15244657755829394,
      0.1430432479828596,
      0.13905375031754375,
      0.13541649235412478,
      0.1329923770390451,
      0.13715049112215638,
      0.13452501129359007,
      0.13512737350538373,
      0.13292965781874955,
      0.13169310917146504,
      0.1320341769605875,
      0.13398960954509676,
      0.133313552942127,
      0.13399996818043292,
      0.13316289940848947,
      0.13429992995224893,
      0.13274785946123302,
      0.13401673710905015,
      0.13407154334709048,
      0.13150464254431427,
      0.1320278395432979,
      0.13115319237113,
      0.13372536492533982,
      0.13103286526165903,
      0.135846956865862,
      0.1322063512634486,
      0.13125514169223607,
      0.13570560654625297,
      0.13351919874548912,
      0.13446898199617863,
      0.13129488821141422,
      0.1308393885847181,
      0.13334274222142994,
      0.1326623864006251,
      0.13299589278176427,
      0.13396858959458768,
      0.13128769514150918,
      0.13068983191624284,
      0.13556107715703547,
      0.13172628078609705,
      0.12991699506528676,
      0.13330867770127952,
      0.13233256130479276,
      0.13324194611050189,
      0.13242996553890407,
      0.13088348205201328,
      0.13359346974175423,
      0.13507084245793521,
      0.13337153405882418
    ],
    "counterfactual_loss": [
      0.0,
      0.0,
      0.0,
      0.0,
      0.0,
      0.0,
      0.0,
      0.0,
      0.0,
      0.0,
      0.0,
      0.0,
      0.0,
      0.0,
      0.0,
      0.0,
      0.0,
      0.0,
      0.0,
      0.0,
      0.0,
      0.0,
      0.0,
      0.0,
      0.0,
      0.0,
      0.0,
      0.0,
      0.0,
      0.0,
      0.0,
      0.0,
      0.0,
      0.0,
      0.0,
      0.0,
      0.0,
      0.0,
      0.0,
      0.0,
      0.0,
      0.0,
      0.0,
      0.0,
      0.0,
      0.0,
      0.0,
      0.0,
      0.0,
      0.0
    ],
    "traditional_cf_loss": [],
    "cf_structure_loss": [],
    "cf_consistency_loss": [],
    "structure_loss": [
      1.0817161239683628,
      1.0150226037949324,
      0.8828519536182284,
      0.8588143019005656,
      0.7610652120783925,
      0.7019657380878925,
      0.7025158358737826,
      0.6654775394126773,
      0.5126595292240381,
      0.5199716784991324,
      0.5052820891141891,
      0.5295506794936955,
      0.4801426148042083,
      0.3897430528886616,
      0.45792296156287193,
      0.4361391458660364,
      0.4213970173150301,
      0.4033054057508707,
      0.41589102568104863,
      0.4200147124938667,
      0.38500241190195084,
      0.394291746430099,
      0.37644348526373506,
      0.3789387405849993,
      0.38546458166092634,
      0.4075680333189666,
      0.36768529238179326,
      0.29569639591500163,
      0.3364063440822065,
      0.3304653032682836,
      0.3270797315053642,
      0.31959216902032495,
      0.3232456296682358,
      0.32069213641807437,
      0.30229184217751026,
      0.3492788025178015,
      0.3214553399011493,
      0.3209396870806813,
      0.3348623081110418,
      0.3060870813205838,
      0.30314145935699344,
      0.2680437099188566,
      0.30855788430199027,
      0.2996690757572651,
      0.2801794623956084,
      0.30581393558532,
      0.27284677419811487,
      0.2919012950733304,
      0.33693811343982816,
      0.2592609943822026
    ],
    "causal_violation_penalty": [
      0.0001291515218326822,
      0.0001291515218326822,
      0.0001291515218326822,
      0.0001291515218326822,
      0.0001291515218326822,
      0.0001291515218326822,
      0.0001291515218326822,
      0.0001291515218326822,
      0.0001291515218326822,
      0.0001291515218326822,
      0.0001291515218326822,
      0.0001291515218326822,
      0.0001291515218326822,
      0.0001291515218326822,
      0.0001291515218326822,
      0.0001291515218326822,
      0.0001291515218326822,
      0.0001291515218326822,
      0.0001291515218326822,
      0.0001291515218326822,
      0.0001291515218326822,
      0.0001291515218326822,
      0.0001291515218326822,
      0.0001291515218326822,
      0.0001291515218326822,
      0.0001291515218326822,
      0.0001291515218326822,
      0.0001291515218326822,
      0.0001291515218326822,
      0.0001291515218326822,
      0.0001291515218326822,
      0.0001291515218326822,
      0.0001291515218326822,
      0.0001291515218326822,
      0.0001291515218326822,
      0.0001291515218326822,
      0.0001291515218326822,
      0.0001291515218326822,
      0.0001291515218326822,
      0.0001291515218326822,
      0.0001291515218326822,
      0.0001291515218326822,
      0.0001291515218326822,
      0.0001291515218326822,
      0.0001291515218326822,
      0.0001291515218326822,
      0.0001291515218326822,
      0.0001291515218326822,
      0.0001291515218326822,
      0.0001291515218326822
    ],
    "total_loss": [
      0.28803535737097263,
      0.25407799426466227,
      0.23145759664475918,
      0.22506433632224798,
      0.21165216527879238,
      0.2033181032165885,
      0.20753122866153717,
      0.2012019194662571,
      0.1865224780049175,
      0.18505597626790404,
      0.18235046626068652,
      0.18511839490383863,
      0.18213302129879594,
      0.172417008318007,
      0.1799214156344533,
      0.17690596356987953,
      0.17656878079287708,
      0.17320755100809038,
      0.17573498911224306,
      0.1762021651957184,
      0.17013403098098934,
      0.17158616473898292,
      0.16892669117078185,
      0.1717483880929649,
      0.16970847290940583,
      0.17673291079699993,
      0.16910403058864176,
      0.16095392988063395,
      0.1694753912743181,
      0.16669487790204585,
      0.16730610211379826,
      0.1633832531515509,
      0.1632931011263281,
      0.16554110450670123,
      0.16302072000689805,
      0.16805292293429375,
      0.16624327329918742,
      0.16351081291213632,
      0.16430521104484797,
      0.16629893565550447,
      0.16216957638971508,
      0.15685051516629755,
      0.16429361491464078,
      0.16242861608043313,
      0.1613890405278653,
      0.16314050718210638,
      0.15829730755649507,
      0.16291274945251644,
      0.16889380430802703,
      0.15942678228020668
    ],
    "intervention_rate": [
      0.0,
      0.0,
      0.0,
      0.0,
      0.0,
      0.0,
      0.0,
      0.0,
      0.0,
      0.0,
      0.0,
      0.0,
      0.0,
      0.0,
      0.0,
      0.0,
      0.0,
      0.0,
      0.0,
      0.0,
      0.0,
      0.0,
      0.0,
      0.0,
      0.0,
      0.0,
      0.0,
      0.0,
      0.0,
      0.0,
      0.0,
      0.0,
      0.0,
      0.0,
      0.0,
      0.0,
      0.0,
      0.0,
      0.0,
      0.0,
      0.0,
      0.0,
      0.0,
      0.0,
      0.0,
      0.0,
      0.0,
      0.0,
      0.0,
      0.0
    ],