{
  "training_history": {
    "epoch": [
      0,
      1,
      2,
      3,
      4,
      5,
      6,
      7,
      8,
      9,
      10,
      11,
      12,
      13,
      14,
      15,
      16,
      17,
      18,
      19,
      20,
      21,
      22,
      23,
      24,
      25,
      26,
      27,
      28,
      29,
      30,
      31,
      32,
      33,
      34,
      35,
      36,
      37,
      38
    ],
    "prediction_loss": [
      0.15844248316716403,
      0.13626093766652048,
      0.12045805819798261,
      0.11927229003049433,
      0.11799607705324888,
      0.11937604122795165,
      0.11600976623594761,
      0.11261325073428452,
      0.11610625544562936,
      0.11615349492058158,
      0.11355403158813715,
      0.11632093251682818,
      0.1160861134994775,
      0.11517596640624106,
      0.10891066340263933,
      0.11121388664469123,
      0.11410177103243768,
      0.11477523436769843,
      0.11229652352631092,
      0.11199575755745173,
      0.11125916102901101,
      0.11480438348371536,
      0.11538971168920398,
      0.11463966546580195,
      0.1143431959208101,
      0.11317348037846386,
      0.11474278895184398,
      0.1123783232178539,
      0.11236785748042166,
      0.11502282088622451,
      0.11352320504374802,
      0.1169164152815938,
      0.1152496631257236,
      0.11575406068004668,
      0.10984832583926618,
      0.11268759588710964,
      0.11334626353345811,
      0.11386583966668695,
      0.1154333760496229
    ],
    "counterfactual_loss": [
      0.0,
      0.0,
      0.0,
      0.0,
      0.0,
      0.0,
      0.0,
      0.0,
      0.0,
      0.0,
      0.0,
      0.0,
      0.0,
      0.0,
      0.0,
      0.0,
      0.0,
      0.0,
      0.0,
      0.0,
      0.0,
      0.0,
      0.0,
      0.0,
      0.0,
      0.0,
      0.0,
      0.0,
      0.0,
      0.0,
      0.0,
      0.0,
      0.0,
      0.0,
      0.0,
      0.0,
      0.0,
      0.0,
      0.0
    ],
    "structure_loss": [
      0.980735220015049,
      0.8998548993840814,
      0.8318468201905489,
      0.7892221407964826,
      0.7060752511024475,
      0.6605192655697465,
      0.5885554710403085,
      0.49677394423633814,
      0.5542447492480278,
      0.5514064012095332,
      0.5642108293250203,
      0.41861008619889617,
      0.4058816460892558,
      0.5022709728218615,
      0.39135783538222313,
      0.35301075549796224,
      0.3501087795011699,
      0.35018714470788836,
      0.34809581097215414,
      0.3490722910501063,
      0.3361715842038393,
      0.3660964700393379,
      0.4027345310896635,
      0.3580651902593672,
      0.435792313888669,
      0.42640373995527625,
      0.3698077197186649,
      0.3749411101453006,
      0.31965999538078904,
      0.3329546330496669,
      0.3417567843571305,
      0.3349927621893585,
      0.2865977827459574,
      0.3598460368812084,
      0.349285991396755,
      0.29496330581605434,
      0.34093346865847707,
      0.3070960072800517,
      0.3076856164261699
    ],
    "total_loss": [
      0.2565160063095391,
      0.22624642867594957,
      0.20364274131134152,
      0.19819450518116355,
      0.18860360234975815,
      0.18542796932160854,
      0.17486531473696232,
      0.1622906462289393,
      0.17153073195368052,
      0.17129413480870426,
      0.1699751156847924,
      0.15818194253370166,
      0.1566742795985192,
      0.16540306503884494,
      0.14804644999094307,
      0.14651496149599552,
      0.14911264926195145,
      0.14979394851252437,
      0.1471061056945473,
      0.14690298680216074,
      0.14487632038071752,
      0.15141403255984187,
      0.1556631657294929,
      0.15044618491083384,
      0.1579224292654544,
      0.15581385511904955,
      0.15172356087714434,
      0.14987243548966944,
      0.1443338575772941,
      0.14831828395836055,
      0.1476988852955401,
      0.15041569340974092,
      0.14390944130718708,
      0.15173866506665945,
      0.14477692637592554,
      0.14218392642214894,
      0.14743961091153324,
      0.14457544102333486,
      0.14620193792507052
    ],
    "intervention_rate": [
      0.13671875,
      0.13671875,
      0.13671875,
      0.13671875,
      0.13671875,
      0.13671875,
      0.13671875,
      0.13671875,
      0.13671875,
      0.13671875,
      0.13671875,
      0.13671875,
      0.13671875,
      0.13671875,
      0.13671875,
      0.13671875,
      0.13671875,
      0.13671875,
      0.13671875,
      0.13671875,
      0.13671875,
      0.13671875,
      0.13671875,
      0.13671875,
      0.13671875,
      0.13671875,
      0.13671875,
      0.13671875,
      0.13671875,
      0.13671875,
      0.13671875,
      0.13671875,
      0.13671875,
      0.13671875,
      0.13671875,
      0.13671875,
      0.13671875,
      0.13671875,
      0.13671875
    ],
    "gradient_norms": [
      0.16679155076212152,
      0.20603845380161084,
      0.17610504851257547,
      0.1664422694142397,
      0.14164048584016886,
      0.17876378263307824,
      0.1819079101612881,
      0.17078856488196956,
      0.16566319762509493,
      0.17946395850007058,
      0.17317901861344653,
      0.14607052138331192,
      0.16153911205023747,
      0.16752749728485342,
      0.1695530445457619,
      0.16103233122040111,
      0.1758329454642192,
      0.18123456813879701,
      0.17777270069463558,
      0.16441181201434688,
      0.17560920027486235,
      0.2059694489336777,
      0.18058086504175308,
      0.17471794099487975,
      0.19509814768500203,
      0.18365088319718056,
      0.158490360365067,
      0.19017856660588284,
      0.1680001959564671,
      0.18225573993846664,
      0.16908078431673781,
      0.1719202984663055,
      0.1591862965913919,
      0.16579382273168136,
      0.1824247008805918,
      0.19626401118912576,
      0.16811405034814056,
      0.1592679519842517,
      0.17076408262501974
    ],
    "structure_accuracy": [
      0.3379464285714287,
      0.4930059523809524,
      0.4168154761904762,
      0.3348214285714286,
      0.31041666666666673,
      0.454761904761905,
      0.34851190476190486,
      0.38110119047619045,
      0.3683035714285715,
      0.41383928571428585,
      0.4226190476190477,
      0.3388392857142858,
      0.3145833333333334,
      0.3616071428571429,
      0.3583333333333334,
      0.3720238095238096,
      0.43779761904761905,
      0.3239583333333334,
      0.29479166666666673,
      0.3930059523809524,
      0.4291666666666667,
      0.39702380952380956,
      0.3376488095238096,
      0.33616071428571437,
      0.337202380952381,
      0.45654761904761904,
      0.32291666666666674,
      0.21770833333333334,
      0.278125,
      0.2501488095238096,
      0.38645833333333335,
      0.2583333333333334,
      0.2833333333333333,
      0.359375,
      0.2510416666666667,
      0.3011904761904762,
      0.2760416666666667,
      0.35729166666666673,
      0.21160714285714288
    ],