{
  "training_history": {
    "epoch": [
      0,
      1,
      2,
      3,
      4,
      5,
      6,
      7,
      8,
      9,
      10,
      11,
      12,
      13,
      14,
      15,
      16,
      17,
      18,
      19,
      20,
      21,
      22,
      23,
      24,
      25,
      26,
      27,
      28,
      29,
      30,
      31,
      32,
      33,
      34,
      35,
      36,
      37,
      38,
      39,
      40,
      41,
      42,
      43,
      44,
      45,
      46,
      47,
      48,
      49
    ],
    "prediction_loss": [
      0.1721336618065834,
      0.15719196200370789,
      0.144541225861758,
      0.14427651069127023,
      0.1458149147219956,
      0.14400452352128923,
      0.14268680685199797,
      0.1421811084728688,
      0.1400247213896364,
      0.14359988668002188,
      0.13713096175342798,
      0.14647124614566565,
      0.1398806287907064,
      0.14195586810819805,
      0.14116790890693665,
      0.14120266493409872,
      0.1400169290136546,
      0.1427141921594739,
      0.14094739290885627,
      0.13963868794962764,
      0.13969863834790885,
      0.14263221179135144,
      0.14297333266586065,
      0.14028754294849932,
      0.1468129453714937,
      0.14146116189658642,
      0.13981337612494826,
      0.13983864290639758,
      0.1433930592611432,
      0.1389405142981559,
      0.14014077419415116,
      0.14036537939682603,
      0.14129164000041783,
      0.1415413951035589,
      0.1378029843326658,
      0.14366922318004072,
      0.14182447013445199,
      0.14209737232886255,
      0.14204526273533702,
      0.140851124888286,
      0.1384813041659072,
      0.14091898035258055,
      0.14349187351763248,
      0.14222849835641682,
      0.13921184046193957,
      0.14067271491512656,
      0.13857604027725756,
      0.13866197457537055,
      0.1381693419534713,
      0.13779398030601442
    ],
    "counterfactual_loss": [
      0.03410866170861482,
      0.016595913886703784,
      0.018592958602312137,
      0.025040977514890983,
      0.02505756591563113,
      0.013279375564707152,
      0.029092269310240226,
      0.0507937395668705,
      0.019181708517862717,
      0.020205078007165866,
      0.019930196551058543,
      0.012164165314970887,
      0.019184349896022468,
      0.024447589867122588,
      0.014323847115065291,
      0.027334164807598427,
      0.014561359099388937,
      0.020215399589687877,
      0.023149986730913952,
      0.02538534733321285,
      0.02168071400228655,
      0.027237325009991764,
      0.012626100904526538,
      0.017064463319911738,
      0.013577014615293592,
      0.014559591365014057,
      0.014989129570494697,
      0.028478366853960324,
      0.023714213579296484,
      0.021491082989086863,
      0.011060330505642924,
      0.023685344087198246,
      0.011732073987786862,
      0.012772715036589943,
      0.01911389457563928,
      0.014900074015713471,
      0.01286736725614901,
      0.021932800842478173,
      0.017692428549707984,
      0.007832969071387197,
      0.016516147902621015,
      0.021799263118737144,
      0.03670574647912872,
      0.016451236130251345,
      0.013013799678446958,
      0.0146183758040479,
      0.020462328899157,
      0.015732951223981217,
      0.010587529491203895,
      0.01205538255180727
    ],
    "traditional_cf_loss": [],
    "cf_structure_loss": [],
    "cf_consistency_loss": [],
    "structure_loss": [
      0.8688327288255095,
      0.8502570977434516,
      0.7909876825287938,
      0.7485982067883015,
      0.6312710847705603,
      0.6075279610231519,
      0.5117538124322891,
      0.5046459035947919,
      0.48829860147088766,
      0.48439462762326,
      0.41271288227289915,
      0.43119202414527535,
      0.4440070050768554,
      0.3835625951178372,
      0.4753518421202898,
      0.3971003401093185,
      0.3663336727768183,
      0.34218867123126984,
      0.33274554880335927,
      0.32663310319185257,
      0.33938864758238196,
      0.3317941799759865,
      0.3930797912180424,
      0.33800387801602483,
      0.40525955613702536,
      0.32792839920148253,
      0.4023278127424419,
      0.3804565528407693,
      0.36776737170293927,
      0.3341149417683482,
      0.357217269949615,
      0.29396378342062235,
      0.32377475779503584,
      0.28823372861370444,
      0.30987482285127044,
      0.30395182222127914,
      0.29311728151515126,
      0.3016071799211204,
      0.3222817867062986,
      0.2783242976292968,
      0.2986959982663393,
      0.3214766778983176,
      0.24176613334566355,
      0.2864987379871309,
      0.2555779633112252,
      0.28096572449430823,
      0.27514721266925335,
      0.2588285291567445,
      0.27622517570853233,
      0.2599200396798551
    ],
    "causal_violation_penalty": [
      4.124795026427819e-06,
      8.96200860722729e-06,
      2.1365023243902215e-05,
      3.1999456581388586e-05,
      3.698310339927957e-05,
      4.234369117739334e-05,
      3.863717060426097e-05,
      3.4733116422103194e-05,
      4.5256886451738865e-05,
      3.7633206403597796e-05,
      4.7780688390730575e-05,
      4.5028385784462444e-05,
      4.5793595745635685e-05,
      4.270821770546718e-05,
      5.2375671913296173e-05,
      4.554117850830153e-05,
      5.078150186932362e-05,
      4.640007301759397e-05,
      4.724320680793426e-05,
      4.731018239567675e-05,
      4.674681957794746e-05,
      3.8910430447458566e-05,
      4.154801756328652e-05,
      4.780583932983973e-05,
      4.6095187883565814e-05,
      4.77676017851536e-05,
      4.4130448401347167e-05,
      4.873313545772362e-05,
      4.169298078693373e-05,
      5.363531090551987e-05,
      4.6142804421833716e-05,
      4.720201235386412e-05,
      3.970711699707863e-05,
      4.855473460452231e-05,
      6.498469230109549e-05,
      4.7726888908528053e-05,
      4.166294533547443e-05,
      4.220251713604739e-05,
      4.711584801952995e-05,
      5.158078039357861e-05,
      4.401104123985533e-05,
      4.4145928313810145e-05,
      4.879221080500429e-05,
      5.491781382715999e-05,
      4.344187470906036e-05,
      5.408349841218296e-05,
      5.2576393613890104e-05,
      5.2615019143331665e-05,
      6.162518567975894e-05,
      4.9589604202537885e-05
    ],
    "total_loss": [
      0.293129722122103,
      0.2588225491344929,
      0.2422543209977448,
      0.2442093137651682,
      0.23403657414019108,
      0.21807903959415853,
      0.2229930954053998,
      0.24347417382523417,
      0.20808154810220003,
      0.21228206204250455,
      0.1983802269678563,
      0.20179964555427432,
      0.20351147186011076,
      0.20480242650955915,
      0.20307931629940867,
      0.20829240372404456,
      0.19126243749633431,
      0.19719485915265977,
      0.19741917750798166,
      0.19773465441539884,
      0.19536496745422482,
      0.20308786584064364,
      0.19494896195828915,
      0.19120020186528563,
      0.2009620126336813,
      0.18886136240325868,
      0.1950794169679284,
      0.20641139661893249,
      0.20392570365220308,
      0.19389672856777906,
      0.18696897476911545,
      0.1934943029191345,
      0.18544089584611356,
      0.18318604049272835,
      0.18796934699639678,
      0.18901220941916108,
      0.18404522933997214,
      0.19423309294506907,
      0.19201298733241856,
      0.17656810535117984,
      0.18491106177680194,
      0.19491005828604102,
      0.20442302618175745,
      0.18738452554680407,
      0.17782687908038497,
      0.18344174744561315,
      0.1866056681610644,
      0.18033039337024093,
      0.17644101497717202,
      0.1758909560739994
    ],