{
  "chain": {
    "structure": {
      "precision": 0.3333333333333333,
      "recall": 1.0,
      "f1": 0.5,
      "auc": 0.7142857142857143,
      "shd": 4,
      "edge_accuracy": 0.5555555555555556
    },
    "counterfactual": {
      "mean_intervention_effect": 0.10871222335845232,
      "std_intervention_effect": 0.09161515092227504,
      "mean_correlation": 0.7576953127980233,
      "std_correlation": 0.2181967360758422,
      "min_effect": 0.034029796719551086,
      "max_effect": 0.34055012464523315
    },
    "prediction": {
      "mse": 0.1414497345685959,
      "mae": 0.3019893169403076
    },
    "config": {
      "name": "chain",
      "type": "chain",
      "n_nodes": 4
    }
  },
  "fork": {
    "structure": {
      "precision": 0.3333333333333333,
      "recall": 1.0,
      "f1": 0.5,
      "auc": 0.7142857142857143,
      "shd": 4,
      "edge_accuracy": 0.5555555555555556
    },
    "counterfactual": {
      "mean_intervention_effect": 0.10939841959625482,
      "std_intervention_effect": 0.0935089150580139,
      "mean_correlation": 0.7451071083545685,
      "std_correlation": 0.21620924130136607,
      "min_effect": 0.032814450562000275,
      "max_effect": 0.3457903563976288
    },
    "prediction": {
      "mse": 0.2113654464483261,
      "mae": 0.3673103451728821
    },
    "config": {
      "name": "fork",
      "type": "fork",
      "n_nodes": 4
    }
  },
  "v_structure": {
    "structure": {
      "precision": 0.3333333333333333,
      "recall": 1.0,
      "f1": 0.5,
      "auc": 0.7142857142857143,
      "shd": 4,
      "edge_accuracy": 0.5555555555555556
    },
    "counterfactual": {
      "mean_intervention_effect": 0.11817431338131427,
      "std_intervention_effect": 0.08341815338359694,
      "mean_correlation": 0.7060001775622368,
      "std_correlation": 0.24028729071609914,
      "min_effect": 0.04103916883468628,
      "max_effect": 0.3284822106361389
    },
    "prediction": {
      "mse": 0.292245090007782,
      "mae": 0.4252733588218689
    },
    "config": {
      "name": "v_structure",
      "type": "v_structure",
      "n_nodes": 4
    }
  },
  "confounder": {
    "structure": {
      "precision": 0.3333333333333333,
      "recall": 1.0,
      "f1": 0.5,
      "auc": 0.7142857142857143,
      "shd": 4,
      "edge_accuracy": 0.5555555555555556
    },
    "counterfactual": {
      "mean_intervention_effect": 0.11037138234823943,
      "std_intervention_effect": 0.08792387498074133,
      "mean_correlation": 0.7613983571529388,
      "std_correlation": 0.2164592872972678,
      "min_effect": 0.03425639122724533,
      "max_effect": 0.3335437476634979
    },
    "prediction": {
      "mse": 0.37269216775894165,
      "mae": 0.48593083024024963
    },
    "config": {
      "name": "confounder",
      "type": "confounder",
      "n_nodes": 4
    }
  },
  "complex": {
    "structure": {
      "precision": 0.3333333333333333,
      "recall": 1.0,
      "f1": 0.5,
      "auc": 0.7142857142857143,
      "shd": 4,
      "edge_accuracy": 0.5555555555555556
    },
    "counterfactual": {
      "mean_intervention_effect": 0.11037138234823943,
      "std_intervention_effect": 0.08792387498074133,
      "mean_correlation": 0.7613983571529388,
      "std_correlation": 0.2164592872972678,
      "min_effect": 0.03425639122724533,
      "max_effect": 0.3335437476634979
    },
    "prediction": {
      "mse": 0.37269216775894165,
      "mae": 0.48593083024024963
    },
    "config": {
      "name": "complex",
      "type": "complex",
      "n_nodes": 6
    }
  }
}