{
  "chain": {
    "structure": {
      "precision": 1.0,
      "recall": 1.0,
      "f1": 1.0,
      "auc": 1.0,
      "shd": 0,
      "edge_accuracy": 1.0
    },
    "counterfactual": {
      "mean_intervention_effect": 0.024288036907091737,
      "std_intervention_effect": 0.028505035991033337,
      "mean_correlation": 0.5331555008888245,
      "std_correlation": 0.17565256357192993,
      "min_effect": 0.007513686083257198,
      "max_effect": 0.13156966865062714
    },
    "prediction": {
      "mse": 0.18002042174339294,
      "mae": 0.3412773311138153
    },
    "config": {
      "name": "chain",
      "type": "chain",
      "n_nodes": 4
    }
  },
  "fork": {
    "structure": {
      "precision": 0.5,
      "recall": 0.5,
      "f1": 0.5,
      "auc": 0.6785714285714286,
      "shd": 2,
      "edge_accuracy": 0.7777777777777778
    },
    "counterfactual": {
      "mean_intervention_effect": 0.024764768942259253,
      "std_intervention_effect": 0.0292738147563495,
      "mean_correlation": 0.503142237663269,
      "std_correlation": 0.1756969839334488,
      "min_effect": 0.006959377322345972,
      "max_effect": 0.13369150459766388
    },
    "prediction": {
      "mse": 0.2851421535015106,
      "mae": 0.43262067437171936
    },
    "config": {
      "name": "fork",
      "type": "fork",
      "n_nodes": 4
    }
  },
  "v_structure": {
    "structure": {
      "precision": 0.5,
      "recall": 0.5,
      "f1": 0.5,
      "auc": 0.6785714285714286,
      "shd": 2,
      "edge_accuracy": 0.7777777777777778
    },
    "counterfactual": {
      "mean_intervention_effect": 0.022954447707161308,
      "std_intervention_effect": 0.02134184899425147,
      "mean_correlation": 0.47162094712257385,
      "std_correlation": 0.17212049663066864,
      "min_effect": 0.009968819096684456,
      "max_effect": 0.10745222121477127
    },
    "prediction": {
      "mse": 0.39925417304039,
      "mae": 0.5040366649627686
    },
    "config": {
      "name": "v_structure",
      "type": "v_structure",
      "n_nodes": 4
    }
  },
  "confounder": {
    "structure": {
      "precision": 0.5,
      "recall": 0.5,
      "f1": 0.5,
      "auc": 0.6785714285714286,
      "shd": 2,
      "edge_accuracy": 0.7777777777777778
    },
    "counterfactual": {
      "mean_intervention_effect": 0.024604808795265852,
      "std_intervention_effect": 0.02851793805841306,
      "mean_correlation": 0.5536605715751648,
      "std_correlation": 0.1871902495622635,
      "min_effect": 0.0075447531417012215,
      "max_effect": 0.13167138397693634
    },
    "prediction": {
      "mse": 0.5021848082542419,
      "mae": 0.5749783515930176
    },
    "config": {
      "name": "confounder",
      "type": "confounder",
      "n_nodes": 4
    }
  },
  "complex": {
    "structure": {
      "precision": 0.5,
      "recall": 0.5,
      "f1": 0.5,
      "auc": 0.6785714285714286,
      "shd": 2,
      "edge_accuracy": 0.7777777777777778
    },
    "counterfactual": {
      "mean_intervention_effect": 0.024604808795265852,
      "std_intervention_effect": 0.02851793805841306,
      "mean_correlation": 0.5536605715751648,
      "std_correlation": 0.1871902495622635,
      "min_effect": 0.0075447531417012215,
      "max_effect": 0.13167138397693634
    },
    "prediction": {
      "mse": 0.5021848082542419,
      "mae": 0.5749783515930176
    },
    "config": {
      "name": "complex",
      "type": "complex",
      "n_nodes": 6
    }
  }
}