{
  "chain": {
    "structure": {
      "precision": 0.6666666666666666,
      "recall": 1.0,
      "f1": 0.8,
      "auc": 0.9285714285714286,
      "shd": 1,
      "edge_accuracy": 0.8888888888888888
    },
    "counterfactual": {
      "mean_intervention_effect": 0.06338085168972611,
      "std_intervention_effect": 0.030512019965793325,
      "mean_correlation": 0.6802750736474991,
      "std_correlation": 0.31827524771136567,
      "min_effect": 0.023433707654476166,
      "max_effect": 0.11081474274396896
    },
    "prediction": {
      "mse": 0.1409163475036621,
      "mae": 0.3003705143928528
    },
    "config": {
      "name": "chain",
      "type": "chain",
      "n_nodes": 4
    }
  },
  "fork": {
    "structure": {
      "precision": 0.3333333333333333,
      "recall": 0.5,
      "f1": 0.4,
      "auc": 0.6071428571428571,
      "shd": 3,
      "edge_accuracy": 0.6666666666666666
    },
    "counterfactual": {
      "mean_intervention_effect": 0.06344834286719561,
      "std_intervention_effect": 0.030711308435299105,
      "mean_correlation": 0.6621190257370472,
      "std_correlation": 0.3268047054269625,
      "min_effect": 0.023289401084184647,
      "max_effect": 0.1083441749215126
    },
    "prediction": {
      "mse": 0.2143804132938385,
      "mae": 0.36871054768562317
    },
    "config": {
      "name": "fork",
      "type": "fork",
      "n_nodes": 4
    }
  },
  "v_structure": {
    "structure": {
      "precision": 0.3333333333333333,
      "recall": 0.5,
      "f1": 0.4,
      "auc": 0.6071428571428571,
      "shd": 3,
      "edge_accuracy": 0.6666666666666666
    },
    "counterfactual": {
      "mean_intervention_effect": 0.07535764519125224,
      "std_intervention_effect": 0.03482202831313492,
      "mean_correlation": 0.6010627720505,
      "std_correlation": 0.3536716519601823,
      "min_effect": 0.03225018084049225,
      "max_effect": 0.12429771572351456
    },
    "prediction": {
      "mse": 0.30051136016845703,
      "mae": 0.427459180355072
    },
    "config": {
      "name": "v_structure",
      "type": "v_structure",
      "n_nodes": 4
    }
  },
  "confounder": {
    "structure": {
      "precision": 0.3333333333333333,
      "recall": 0.5,
      "f1": 0.4,
      "auc": 0.6071428571428571,
      "shd": 3,
      "edge_accuracy": 0.6666666666666666
    },
    "counterfactual": {
      "mean_intervention_effect": 0.06677357973530888,
      "std_intervention_effect": 0.0330889858047113,
      "mean_correlation": 0.666761526465416,
      "std_correlation": 0.32953390651094777,
      "min_effect": 0.0252671018242836,
      "max_effect": 0.1180170550942421
    },
    "prediction": {
      "mse": 0.3797228932380676,
      "mae": 0.4895981550216675
    },
    "config": {
      "name": "confounder",
      "type": "confounder",
      "n_nodes": 4
    }
  },
  "complex": {
    "structure": {
      "precision": 0.3333333333333333,
      "recall": 0.5,
      "f1": 0.4,
      "auc": 0.6071428571428571,
      "shd": 3,
      "edge_accuracy": 0.6666666666666666
    },
    "counterfactual": {
      "mean_intervention_effect": 0.06677357973530888,
      "std_intervention_effect": 0.0330889858047113,
      "mean_correlation": 0.666761526465416,
      "std_correlation": 0.32953390651094777,
      "min_effect": 0.0252671018242836,
      "max_effect": 0.1180170550942421
    },
    "prediction": {
      "mse": 0.3797228932380676,
      "mae": 0.4895981550216675
    },
    "config": {
      "name": "complex",
      "type": "complex",
      "n_nodes": 6
    }
  }
}