{
  "training_history": {
    "epoch": [
      0,
      1,
      2,
      3,
      4,
      5,
      6,
      7,
      8,
      9,
      10,
      11,
      12,
      13,
      14,
      15,
      16,
      17,
      18,
      19,
      20,
      21,
      22,
      23,
      24,
      25,
      26,
      27,
      28,
      29,
      30,
      31,
      32,
      33,
      34,
      35,
      36,
      37,
      38,
      39,
      40,
      41,
      42,
      43,
      44,
      45,
      46,
      47,
      48,
      49
    ],
    "prediction_loss": [
      0.1804959939327091,
      0.1590839233249426,
      0.15223267464898527,
      0.14182857028208673,
      0.14340047794394195,
      0.14016921794973314,
      0.1440977524034679,
      0.14466729201376438,
      0.1404102712403983,
      0.1398287881165743,
      0.1446619126945734,
      0.14157136040739715,
      0.14115149737335742,
      0.14246617583557963,
      0.14397372654639184,
      0.1417539743706584,
      0.13799326971638948,
      0.13696129573509097,
      0.13839332340285182,
      0.13775496324524283,
      0.13793931063264608,
      0.1386624574661255,
      0.13724425015971065,
      0.13751234719529748,
      0.13679830566979945,
      0.14109645038843155,
      0.14061760413460433,
      0.1395801946055144,
      0.13881690194830298,
      0.1407278326805681,
      0.13866139319725335,
      0.13728121598251164,
      0.13479535444639623,
      0.1393682525958866,
      0.13916612067259848,
      0.1370891317492351,
      0.14009234705008566,
      0.1352004511281848,
      0.13611256843432784,
      0.13913190667517483,
      0.13703189173247665,
      0.14011571323499084,
      0.13969646557234228,
      0.1375261170323938,
      0.1373508688993752,
      0.13889396656304598,
      0.13873273390345275,
      0.13702938263304532,
      0.13518023141659796,
      0.13747022207826376
    ],
    "counterfactual_loss": [
      0.0020988606261198584,
      0.007484156815394272,
      0.010558077544828848,
      0.00730143193004551,
      0.005172918392872816,
      0.006177107522944425,
      0.004941380688705976,
      0.014505756664220826,
      0.011169069741299609,
      0.009769710111868335,
      0.008599542993579234,
      0.010278197156367241,
      0.005979505727736978,
      0.009846577032931236,
      0.010227716044028057,
      0.009509254623253582,
      0.008592576882620051,
      0.010364273411596514,
      0.01161758552370884,
      0.008128742541885003,
      0.01011469706418211,
      0.010576488130141115,
      0.012129578990425216,
      0.009435489575793099,
      0.01057625783550975,
      0.011237678417273855,
      0.008282468937068188,
      0.009420138448774651,
      0.010553098175932973,
      0.01317850839654966,
      0.011533214150063031,
      0.009985508394493081,
      0.012018537988296885,
      0.013487618451563321,
      0.012845627526075987,
      0.012640013254895166,
      0.015155257274273026,
      0.012259884577360936,
      0.012956659482910027,
      0.01128074504072174,
      0.01324828913948295,
      0.009532819276500959,
      0.008201400250229085,
      0.015404382796077698,
      0.015084372446835914,
      0.012554106999687065,
      0.01023455825588826,
      0.013832024377961716,
      0.0072619243246663245,
      0.011257742134603177
    ],
    "traditional_cf_loss": [],
    "cf_structure_loss": [],
    "cf_consistency_loss": [],
    "structure_loss": [
      1.1909834332764149,
      0.9391559306532145,
      0.8908123867586255,
      0.882920153439045,
      0.8510961635038257,
      0.7408246519044042,
      0.685603903606534,
      0.5843826150521636,
      0.5999578284099698,
      0.49081323901191354,
      0.5187654821202159,
      0.47473636735230684,
      0.4207762684673071,
      0.42198187950998545,
      0.4990667053498328,
      0.39224602235481143,
      0.480717730242759,
      0.4782732673920691,
      0.3649291000328958,
      0.44815828278660774,
      0.44858803832903504,
      0.35531502729281783,
      0.33082300843670964,
      0.34428997803479433,
      0.3663621679879725,
      0.4184045041911304,
      0.3360291472636163,
      0.363442100584507,
      0.3505990784615278,
      0.3644056203775108,
      0.3394739758223295,
      0.3186364499852061,
      0.3575539137236774,
      0.306441156193614,
      0.3075029975734651,
      0.32467212434858084,
      0.36025858018547297,
      0.2918237908743322,
      0.26665213145315647,
      0.31930826138705015,
      0.2885468313470483,
      0.28752294974401593,
      0.2757373070344329,
      0.3258410287089646,
      0.28751667868345976,
      0.2811080846004188,
      0.289197807200253,
      0.3134871954098344,
      0.2717470498755574,
      0.274342211894691
    ],
    "causal_violation_penalty": [
      1.2627293642708537e-05,
      1.1256673971615783e-05,
      1.4621617282273291e-05,
      1.751329095611709e-05,
      1.8451754272064136e-05,
      2.2020102221631532e-05,
      2.230953771942268e-05,
      2.3316440660892113e-05,
      4.725655750803526e-05,
      2.6210147851202237e-05,
      2.9509814066130957e-05,
      3.3243318718234605e-05,
      2.9683864653407e-05,
      3.21146153012819e-05,
      3.285348270765098e-05,
      2.7593695691052744e-05,
      3.758328496417107e-05,
      3.73746593567148e-05,
      3.663713317791917e-05,
      3.69140501277343e-05,
      3.980427429794986e-05,
      3.991333625918969e-05,
      4.163006502366784e-05,
      4.277955616771578e-05,
      3.950363510085708e-05,
      3.9260693547760184e-05,
      3.8323662058914465e-05,
      4.638155891356632e-05,
      4.7615058676342414e-05,
      4.326735893300793e-05,
      4.6635934934258216e-05,
      4.8960931941621766e-05,
      4.6534540690146287e-05,
      4.882250619431261e-05,
      6.830400147173066e-05,
      5.688865233288709e-05,
      5.285807471722137e-05,
      5.548474064198672e-05,
      5.906487683660089e-05,
      5.557511821052685e-05,
      4.9593070436060316e-05,
      5.9896303696405084e-05,
      5.1351778870945e-05,
      6.0516493078921485e-05,
      5.272747581130943e-05,
      5.0245017334304976e-05,
      6.647140011750707e-05,
      5.5817453812778695e-05,
      5.67168596319334e-05,
      6.012826395362936e-05
    ],
    "total_loss": [
      0.3017058274708688,
      0.2604949325323105,
      0.2518866122700274,
      0.2374395332299173,
      0.23370146751403809,
      0.22045081248506904,
      0.21762183867394924,
      0.21763462806120515,
      0.21162238344550133,
      0.19870603480376303,
      0.2051675149705261,
      0.1993564390577376,
      0.189238314749673,
      0.19454305688850582,
      0.20414096908643842,
      0.19051542272791266,
      0.19469520496204495,
      0.19519027322530746,
      0.18654045602306724,
      0.1907364479266107,
      0.19295261846855283,
      0.18481036298908293,
      0.18249776237644255,
      0.18141961679793894,
      0.18405028502456844,
      0.1942138415761292,
      0.18254131125286222,
      0.18539092503488064,
      0.18447752366773784,
      0.19039017148315907,
      0.1841886448673904,
      0.17917932849377394,
      0.18261582113336772,
      0.18354880833067,
      0.1828303523361683,
      0.18225324782542884,
      0.1913263234309852,
      0.17669820110313594,
      0.1757935096975416,
      0.18239905638620257,
      0.179184457520023,
      0.178460726281628,
      0.1755229472182691,
      0.185575119452551,
      0.18123963847756386,
      0.1796091275755316,
      0.17795354314148426,
      0.18226594291627407,
      0.1696735774166882,
      0.17622231389395893
    ],